text,label,label_name,prediction,prediction_name,score
"Tempat sepi, matcha strong dan tidak terlalu manis.",1,Positif,1,Positif,0.04995712627449217
Matchanya sangat enak.,1,Positif,1,Positif,2.987176164425593
"Matcha sangat autentik dan berkualitas tinggi, tetapi cukup mahal. Cocok untuk yang suka rasa pahit, perlu tambahan gula jika suka manis.",1,Positif,1,Positif,0.4688736204790175
"Matcha Opera-nya wajib untuk dipesan. Rasa Matcha Milk-nya tergolong biasa saja. Tadi saya memesan takaran susu less (80/120) dengan tingkat gula dan green tea yang normal, namun hasilnya justru tidak terlalu manis. Saya pasti akan kembali membeli menu Matcha Opera-nya.",1,Positif,0,Negatif,-0.043874566142234894
"Saya mencoba mixed soft ice cream (matcha-hokkaido milk) dan hojicha mocktail. Mixed Ice Cream: Tingkat kemanisan: Sudah cukup baik. Rasa matcha: Terasa pas. Hokkaido milk: Perasanya terlalu kuat sehingga sangat mendominasi dan mengganggu kelezatan rasa matcha-nya. Hal ini membuat perpaduan rasanya menjadi tidak seimbang. Hojicha Mocktail: Sesapan pertama terasa enak. Aroma mawar dan lavendernya memiliki keseimbangan yang baik. Namun, setelah beberapa sesapan berikutnya, saya merasa kurang nyaman karena penggunaan sirup yang terlalu banyak. (Saya cukup sensitif terhadap perasa buatan, sehingga sering kali muncul reaksi tertentu setelah meminumnya beberapa kali).",1,Positif,1,Positif,0.004600799802453537
"Suasananya sangat nyaman, para pecinta matcha wajib mencobanya!",1,Positif,1,Positif,1.5837915660394968
"Warabi mochi-nya sangat luar biasa. Begitu pula dengan Signature Koicha Milk, rasanya sangat berkualitas. Saya juga mendapatkan es krim secara gratis. Terima kasih kepada Kak Desi atas pelayanannya yang sangat ramah.",1,Positif,1,Positif,0.7792677950212705
Wajib dicoba!,1,Positif,1,Positif,2.3695077349645093
"Pilihannya sangat beragam, staf sangat membantu, dan suasananya pun sangat nyaman.",1,Positif,1,Positif,0.7333270095169028
Terima kasih kepada Hamny atas pelayanannya dan informasi mengenai matcha.,1,Positif,0,Negatif,-0.09551013713838791
"Tempatnya sangat nyaman, Anda harus mencoba matcha mereka!",1,Positif,1,Positif,0.8708606853087117
Tempatnya nyaman dan makanannya berkualitas baik.,1,Positif,1,Positif,3.2270125413235196
"Tempatnya nyaman, begitu pula dengan matcha-nya. Perpaduan yang sangat pas.",1,Positif,1,Positif,0.9409416222606225
Suasananya sangat nyaman.,1,Positif,1,Positif,0.8643968061768438
Suasananya sangat nyaman dan matcha-nya lezat.,1,Positif,1,Positif,1.49550098557426
Tempatnya memungkinkan pelanggan untuk menonton konser; minumannya asli dan enak.,1,Positif,1,Positif,0.8071081244225732
Tempatnya sangat bagus dan nyaman.,1,Positif,1,Positif,2.5055232526055513
"Tempat ini merupakan surga bagi para pecinta matcha dan wajib untuk dicoba. Semua menunya lezat dan tidak ada yang mengecewakan. Pelayanannya sangat ramah, terutama saudara Hamny yang memberikan rekomendasi menu yang sangat sesuai dengan selera saya. Terima kasih.",1,Positif,1,Positif,0.1548299344553248
Tempat yang sangat bagus untuk menikmati matcha! Tersedia banyak variasi matcha untuk makanan dan minuman. Rasa mochi-nya sangat unik!,1,Positif,1,Positif,0.8981270831497221
"Salah satu dari sedikit tempat di Jakarta di mana Anda bisa mendapatkan hidangan penutup dan minuman matcha yang berkualitas. Saya mencoba soft serve dan warabi mochi; matcha mochi-nya sedikit lebih pahit, tetapi Anda bisa memilih untuk memesan satu jenis saja.",1,Positif,1,Positif,0.2624589496187677
Tempat matcha yang sangat bagus untuk makan dan berkumpul.,1,Positif,1,Positif,0.9898361035102379
Tempat yang nyaman untuk menikmati matcha.,1,Positif,1,Positif,1.6179723085760136
"Tempat terbaik untuk mendapatkan matcha premium berkualitas tinggi. Rasa matcha-nya sangat pekat, tidak terlalu manis, dan saya sangat menyukainya. Wajib dicoba bagi para pecinta matcha.",1,Positif,1,Positif,1.551112548769666
Tempat terbaik untuk menikmati matcha di Jakarta.,1,Positif,1,Positif,2.140447269662232
Kedai teh yang sangat baik untuk menikmati teh hijau.,1,Positif,0,Negatif,-0.9874638705915587
Tempatnya sangat nyaman; matcha milk menjadi favorit saya. Saya juga sudah memesan plain croissant untuk ketiga kalinya.,1,Positif,1,Positif,1.2629123295492075
Ini merupakan tempat berkumpul terbaik bagi anak muda di Jakarta Selatan.,1,Positif,1,Positif,0.9578260625558519
"Tempatnya sangat baik, pilihan minuman matcha beragam, begitu pula dengan makanannya. Sangat memuaskan.",1,Positif,1,Positif,2.163049393587328
Tempatnya nyaman.,1,Positif,1,Positif,3.200815589577223
Tempatnya nyaman dan pelayanannya sangat menyenangkan. Staf yang bertugas sangat baik serta profesional. Saya sering berkunjung ke sini.,1,Positif,0,Negatif,-0.16859735214300298
nan,1,Positif,1,Positif,0.05089176153614452
Suasananya nyaman dan makanannya lezat.,1,Positif,1,Positif,2.2239409795661955
Tempat nyaman untuk WFH dan pelayanan ramah.,1,Positif,1,Positif,2.2998444268938405
Tempat nyaman untuk nongkrong.,1,Positif,1,Positif,2.4798987459742188
"Tempat nyaman untuk meeting, staf sangat profesional dan ramah.",1,Positif,1,Positif,1.2897454812865854
Tempat nyaman untuk kerja.,1,Positif,1,Positif,1.842667516885098
"Tempat nyaman karena berada di mall. Pelayanan ramah dan cepat. Matcha milk memiliki rasa dominan matcha, tidak terlalu manis dan cukup seimbang.",1,Positif,1,Positif,1.5385066640827705
Tempat nyaman dengan matcha enak.,1,Positif,1,Positif,3.358838830771835
Tempat nyaman dan pelayanan ramah.,1,Positif,1,Positif,2.3621830768770034
Tempat nyaman dan pelayanan baik.,1,Positif,1,Positif,3.273559620655245
Tempat nyaman dan matchanya enak.,1,Positif,1,Positif,4.315871044656926
Tempat nyaman dan makanan sesuai selera.,1,Positif,1,Positif,1.5095737253875523
Tempat nyaman dan bersih.,1,Positif,1,Positif,2.594330136228249
"Tempat menarik, matcha berkualitas tapi mahal dan service standar.",1,Positif,1,Positif,1.3346191053891603
Tempat memiliki suasana nyaman dengan minuman matcha berkualitas tinggi dan pelayanan baik.,1,Positif,1,Positif,2.3761424863013105
Tempat matcha terbaik di Jakarta Selatan dengan rasa tidak terlalu manis namun sangat enak. Hojicha milk menjadi menu favorit. Cocok dipadukan dengan dessert seperti almond croissant. Pelayanan baik dan tempat bersih.,1,Positif,1,Positif,1.5112979890224163
Tempat ini menawarkan desain yang mewah dan modern.,1,Positif,1,Positif,0.7846826742820106
Tempat ini berfokus pada matcha dengan berbagai pilihan menu.,1,Positif,1,Positif,1.506591634218503
Tempat favorit.,1,Positif,1,Positif,3.03034072909576
Tempat enak untuk makan dan santai.,1,Positif,1,Positif,2.06808407329529
Tempat dan suasana sangat baik.,1,Positif,1,Positif,1.6031893744080303
Tempat dan makanan enak.,1,Positif,1,Positif,3.0737664107812352
Tempat cozy dan pelayanan ramah.,1,Positif,1,Positif,3.089704351644014
Tempat cozy dan makanan enak.,1,Positif,1,Positif,3.0540899934931587
Tempat cocok untuk WFA dan menu enak.,1,Positif,1,Positif,2.3513607777652368
Tempat cocok untuk pecinta matcha.,1,Positif,1,Positif,2.6348382468979894
Tempat bersih dan nyaman untuk kerja.,1,Positif,1,Positif,1.360556083526269
Tempat bersih dan menu variatif.,1,Positif,1,Positif,1.7665683867071267
Tempat bagus.,1,Positif,1,Positif,3.367496162718209
Tempat bagus untuk nongkrong.,1,Positif,1,Positif,2.1934328990299345
Tempat bagus untuk coba matcha.,1,Positif,1,Positif,2.693596133208629
Tempat bagus dengan rasa yang enak.,1,Positif,1,Positif,2.287191344936294
Tempat bagus dan nyaman.,1,Positif,1,Positif,3.48367676155114
Suka matcha milk dan ambience.,1,Positif,1,Positif,3.2153213095654705
"Suka ambience, ingin kembali.",1,Positif,1,Positif,1.1627411624082964
Suasana tempat baik dan terlihat baru.,1,Positif,1,Positif,1.231666763133754
Suasana dan makanan baik.,1,Positif,1,Positif,2.185663401446021
"Staf ramah, suasana nyaman, dan matcha sangat enak.",1,Positif,1,Positif,2.373506674761098
Staf ramah dan membantu.,1,Positif,1,Positif,1.5941315014280208
Staf ramah dan matcha enak.,1,Positif,1,Positif,2.4577668643138137
Spesialis matcha dan dessert.,1,Positif,1,Positif,3.108847838501931
"Sop iga, teh, kopi, dan es krim enak.",1,Positif,1,Positif,1.3164170099680077
Soft serve matcha sangat baik dan direkomendasikan untuk pecinta matcha. Mac and cheese juga sangat enak.,1,Positif,1,Positif,1.615616866108195
Soft ice cream enak.,1,Positif,1,Positif,3.199936380195985
Signature matcha enak.,1,Positif,1,Positif,4.532047076373592
Signature koicha milk enak dan autentik.,1,Positif,1,Positif,3.6987398856435063
"Signature Koicha enak, rasa matchanya terasa. Es krim matchanya juga enak dan tidak terlalu manis, teksturnya lembut. Mochinya juga lembut. Matcha terbaik.",1,Positif,1,Positif,1.3873354214961147
"Signature koicha enak, matcha milk lebih murah dan tetap enak.",1,Positif,1,Positif,2.5220142948643414
Signature Koicha enak tetapi mahal.,1,Positif,1,Positif,1.9573105984273254
Senang dengan banyaknya variasi matcha dan rasanya menyerupai di Jepang.,1,Positif,1,Positif,0.9188766623853428
Semuanya enak dan pelayanan memuaskan.,1,Positif,1,Positif,2.945793966033054
Semuanya baik.,1,Positif,1,Positif,2.98600387716688
Semua minuman dan dessert enak.,1,Positif,1,Positif,3.063744407226688
"Semua menu terasa enak, mulai dari makanan utama, minuman, hingga kue. Meskipun tempatnya minimalis, tampilannya estetik. Harga juga masih terjangkau. Sangat direkomendasikan dan akan kembali untuk mencoba menu lain.",1,Positif,1,Positif,0.39014070295563597
Semua menu enak dan autentik.,1,Positif,1,Positif,2.9684731471800316
"Semua matcha enak, staf ramah dan informatif.",1,Positif,1,Positif,2.777062664570951
"Semua makanan enak, tempatnya bagus, dan staf ramah.",1,Positif,1,Positif,1.9322426450608468
Semua makanan dan minuman enak.,1,Positif,1,Positif,2.0729004247007063
"Semua enak, pelayanan luar biasa.",1,Positif,1,Positif,2.2243063736758897
Semua baik termasuk pelayanan cepat dan ramah.,1,Positif,1,Positif,2.806619627101906
"Secara rasa cukup enak, namun beberapa menu tidak tersedia sehingga pilihan terbatas. Beberapa kombinasi rasa kurang seimbang. Secara keseluruhan cukup memuaskan.",1,Positif,1,Positif,0.21503893254888926
"Saya mengunjungi tempat ini karena saya adalah penggemar matcha. Matcha milk-nya terasa sangat enak. Selain itu, saya juga mencoba matcha cheesecake. Rasanya sangat enak, meskipun menurut saya perpaduannya kurang cocok dengan rasa matcha-nya. Namun, rasa keju pada kue tersebut sangat terasa dan lezat. Matcha opera-nya juga enak, tetapi lapisan bagian atasnya terlalu manis sehingga rasanya menjadi kurang seimbang.",1,Positif,1,Positif,0.7546386668234089
"Saya mencoba tiramisu matcha dan sakura ice cream. Rasanya enak namun tidak terlalu istimewa. Menurut saya harganya cukup mahal mengingat potongan kuenya sangat kecil, sehingga pasti akan habis dalam sekejap. Meski demikian, saya tetap berniat untuk mencoba menu lainnya di lain waktu, terutama jika terdapat promo.",1,Positif,0,Negatif,-0.5702906027570999
"Saya mencoba tempat ini karena berasal dari Singapura, dan ternyata kualitasnya cukup baik. Saya mencicipi menu unggulan mereka, yaitu Signature Koicha, dan mengganti susu sapi murni dengan susu gandum seharga Rp120.054. Anda akan mendapatkan es krim berukuran kecil jika memberikan ulasan melalui Google.",1,Positif,0,Negatif,-0.10829683098805643
"Saya memesan signature koicha milk dan houjicha milk. Secara subjektif, menurut saya rasanya masih lebih lezat dibandingkan dengan cabang yang berada di Kelapa Gading dan Grand Indonesia.",1,Positif,1,Positif,0.4752227833937817
"Saya dan pasangan saya menyukai matcha sehingga mencoba tempat ini. Kami memesan es krim matcha, houjicha tiramisu, dan matcha milk. Rasanya enak, sedikit manis dan tidak terlalu pahit. Pelayanannya sangat baik. Tempat ini cocok untuk dikunjungi jika menginginkan sesuatu yang ringan dan menyegarkan. Es krim Hokkaido juga sangat enak.",1,Positif,1,Positif,1.0083915259099059
Sangat suka.,1,Positif,1,Positif,1.0762537503766239
"Sangat suka matchanya, enak dan tidak eneg.",1,Positif,1,Positif,1.577184330424606
Sangat suka dengan matchanya.,1,Positif,1,Positif,2.093217426469954
"Sangat nyaman untuk belajar atau hangout, sangat direkomendasikan.",1,Positif,1,Positif,0.7713344664739552
Sangat lezat.,1,Positif,1,Positif,0.9820612736804704
Sangat enak.,1,Positif,1,Positif,2.4557409226801723
"Sangat enak, tidak terlalu manis dan rasanya seimbang.",1,Positif,1,Positif,0.8793652836895205
"Sangat enak, tempat nyaman.",1,Positif,1,Positif,3.1328370986443805
"Sangat enak, rasa matcha tidak hanya didominasi susu. Tempatnya juga baik dan harga masih terjangkau.",1,Positif,1,Positif,1.0123564511489243
Sangat direkomendasikan.,1,Positif,1,Positif,0.6271462520189741
Sangat direkomendasikan untuk pecinta matcha.,1,Positif,1,Positif,2.0672687253656195
Sangat baik.,1,Positif,1,Positif,2.1801187729120266
Salah satu matcha terbaik.,1,Positif,1,Positif,1.826401719497869
"Salah satu matcha terbaik, dessert dan minuman sangat enak.",1,Positif,1,Positif,1.970727475556418
Salah satu matcha terbaik yang pernah saya coba.,1,Positif,1,Positif,0.26138811425326275
"Rasanya seperti matcha. Kasir memiliki pengetahuan tentang matcha. Tempatnya sangat menarik, hijau, dan cozy untuk bersantai.",1,Positif,1,Positif,0.7401778421901228
Rasanya seimbang dan tidak terlalu manis.,1,Positif,0,Negatif,-0.3268269440669086
Rasanya enak.,1,Positif,1,Positif,2.8903722624329466
Rasanya enak dan tempatnya nyaman.,1,Positif,1,Positif,2.7959568404748163
Rasanya enak dan pelayanan sangat baik.,1,Positif,1,Positif,2.5130684780101324
Rasa minuman unik dan enak.,1,Positif,1,Positif,1.871451293763691
"Rasa matcha pada hidangan ini sangat kuat. Bagi para pecinta matcha, Anda wajib mencoba pengalaman baru dalam menikmati menu ini. Namun, tekstur kulit croissant-nya kurang memuaskan karena terlalu renyah sehingga sulit untuk disantap dengan rapi. Varian croissant terbaik adalah ham and cheese; rasanya sangat lezat.",1,Positif,1,Positif,0.6827015502516057
Rasa matcha mantap.,1,Positif,1,Positif,1.0890367250984774
"Rasa matcha autentik, tidak terlalu pahit. Suasana nyaman dan estetik. Pelayanan ramah dan cepat. Harga sepadan dengan kualitas premium.",1,Positif,1,Positif,1.3866756916656138
"Rasa enak, tempat cozy.",1,Positif,1,Positif,3.1140086878312405
"Rasa enak, staf ramah, banyak variasi.",1,Positif,1,Positif,1.2308922957080422
Rasa enak dan direkomendasikan.,1,Positif,1,Positif,2.7448782216843535
Rasa dan ambience bagus.,1,Positif,1,Positif,2.7202576971130674
Rasa autentik seperti luar negeri.,1,Positif,1,Positif,0.5851589249341511
"Pure matcha rasanya enak, kekentalan dan pahitnya pas.",1,Positif,1,Positif,2.25554920406013
Pure matcha enak dan direkomendasikan.,1,Positif,1,Positif,3.3573567915192792
Puas dengan makanan dan pelayanan.,1,Positif,1,Positif,1.4384742170501812
Pilihan menu menarik.,1,Positif,1,Positif,2.6206791764462882
"Pilihan banyak, pelayanan baik, cake enak.",1,Positif,1,Positif,3.1123657489172336
"Pertama kali mencoba, matchanya terasa kuat dan cukup segar.",1,Positif,1,Positif,0.6542254939129738
Pertama kali mencoba dan matchanya sangat enak.,1,Positif,1,Positif,1.9991528191900314
"Pertama kali datang ke sini mencoba cheesecake matcha, rasanya sangat enak dan membuat ingin kembali. Kopinya juga enak, saya mencoba hot latte. Saya merekomendasikan tempat ini untuk berkumpul.",1,Positif,1,Positif,1.0557004039994449
Pengalaman menyenangkan.,1,Positif,0,Negatif,-0.13525228860454752
Pelayanannya sangat memuaskan.,1,Positif,1,Positif,0.7519418528195981
Pelayanannya bagus dan sangat direkomendasikan.,1,Positif,1,Positif,2.0837972753616274
Pelayanan sangat ramah.,1,Positif,1,Positif,1.1229453612646612
Pelayanan sangat ramah dan informatif.,1,Positif,1,Positif,2.5471600309644544
Pelayanan sangat baik.,1,Positif,1,Positif,1.9066761868256255
Pelayanan sangat baik dan tempat nyaman.,1,Positif,1,Positif,2.2250694604996464
Pelayanan sangat baik dan ramah. Pilihan menu matcha sangat beragam dengan kualitas premium. Akan kembali lagi.,1,Positif,1,Positif,1.3931816162538917
Pelayanan sangat baik dan memuaskan.,1,Positif,1,Positif,2.0674721882482383
"Pelayanan ramah, tempat nyaman, matcha enak.",1,Positif,1,Positif,3.3407163253090015
"Pelayanan ramah, tempat bersih.",1,Positif,1,Positif,1.9754943844738124
"Pelayanan ramah, cepat, dan matcha enak dengan harga sepadan.",1,Positif,1,Positif,2.5788941969930854
Pelayanan profesional dan ambience baik.,1,Positif,1,Positif,2.5155517933035267
Pelayanan membantu dan informatif.,1,Positif,1,Positif,2.517061754827642
Pelayanan lambat karena kekurangan staf dan harga cukup mahal.,1,Positif,1,Positif,0.02052899268532793
Pelayanan cepat dan rasa enak.,1,Positif,1,Positif,3.0799178069043016
"Pelayanan baik, matcha enak.",1,Positif,1,Positif,4.299251071427595
"Pelayanan baik, cake dan matcha enak.",1,Positif,1,Positif,3.3276068020598983
Pelayanan baik dan rasa enak.,1,Positif,1,Positif,3.4988926838518672
Pelayanan baik dan pengalaman menarik.,1,Positif,1,Positif,2.508037762702705
Pelayanan baik dan matcha enak.,1,Positif,1,Positif,3.6256504510777394
"Pelayanan bagus, rasa matcha pas, dan tempat nyaman.",1,Positif,1,Positif,2.4897294249184374
"Pelayanan bagus, ramah, dan informatif. Harga masih wajar dan rasa beragam serta enak.",1,Positif,1,Positif,2.552968476479962
Pecinta matcha wajib mencoba karena rasa matchanya sangat terasa.,1,Positif,1,Positif,1.7817180745127226
Pecinta matcha akan sangat menyukai menu di sini karena semuanya enak dan tidak ada yang mengecewakan.,1,Positif,1,Positif,0.4923622649077153
"Minuman enak, tetapi outdoor perlu pendingin.",1,Positif,1,Positif,0.527542214519059
"Minuman enak, ingin kembali.",1,Positif,1,Positif,1.4636083263042012
Minuman dan pelayanan sangat baik.,1,Positif,1,Positif,1.732254229306426
Minuman dan dessert enak.,1,Positif,1,Positif,3.4032019532683164
Menyukai matcha dan croissant. Nasi kecombrang juga sangat enak dan disukai keluarga.,1,Positif,1,Positif,2.5934900382648056
Menu matcha enak tapi beberapa terlalu manis.,1,Positif,1,Positif,1.6795422578121901
"Memesan ice koicha, rasanya enak dan tingkat pahitnya sesuai. Mendapatkan es krim gratis dan pelayan juga perhatian.",1,Positif,1,Positif,1.383632601744122
Matchanya yang terbaik.,1,Positif,1,Positif,1.3954781283747995
Matchanya selalu enak dengan tiga grade pilihan. Tempat di Gandaria City cukup luas dan bisa melihat proses pembuatan.,1,Positif,1,Positif,0.835624984958176
Matchanya sangat enak dan umami.,1,Positif,1,Positif,3.1741587000440745
Matchanya sangat enak dan tempatnya nyaman.,1,Positif,1,Positif,2.9295109310730396
Matchanya sangat enak dan autentik.,1,Positif,1,Positif,3.7406119744858306
Matchanya pure dengan banyak pilihan menu termasuk makanan. Tempat duduk banyak dan tersedia colokan.,1,Positif,1,Positif,1.1555004918542358
Matchanya premium dan variannya banyak.,1,Positif,1,Positif,2.0799837561013197
Matchanya enak.,1,Positif,1,Positif,6.065590271461168
"Matchanya enak, strawberry asli, tempat nyaman dan pelayanan informatif.",1,Positif,1,Positif,3.0866414489335616
"Matchanya enak, balance antara pahit, earthy, dan umami.",1,Positif,1,Positif,2.7405367140542247
Matchanya enak dan tidak terlalu pahit.,1,Positif,1,Positif,1.1458217969947992
Matchanya enak dan tempatnya nyaman.,1,Positif,1,Positif,3.6276011707122295
Matchanya autentik dan tempatnya nyaman.,1,Positif,1,Positif,3.555799685109867
Matcha variatif dan pelayanan baik.,1,Positif,1,Positif,2.9861045442024876
Matcha terlihat menarik.,1,Positif,1,Positif,1.5806513768182555
Matcha terbaik.,1,Positif,1,Positif,3.953214243866332
Matcha terbaik di kota.,1,Positif,1,Positif,2.197733328940539
"Matcha terbaik di kota, sering dikunjungi untuk meningkatkan suasana hati dan tidak pernah membosankan.",1,Positif,1,Positif,0.7081522937317587
Matcha terbaik di kota ini.,1,Positif,1,Positif,1.229382049362575
"Matcha strong, cocok untuk pecinta matcha.",1,Positif,1,Positif,2.753740213881594
Matcha spesial di Gandaria City.,1,Positif,1,Positif,0.9522360774047636
Matcha spesial dan varian banyak.,1,Positif,1,Positif,1.5595388306934574
"Matcha soft serve enak, pancake kurang.",1,Positif,1,Positif,2.7665590164744427
Matcha sangat enak.,1,Positif,1,Positif,3.2466981648897377
"Matcha sangat enak, harga masih sepadan, direkomendasikan.",1,Positif,1,Positif,1.851436957042746
Matcha sangat enak dengan rasa yang luar biasa. Es krim matcha sangat disukai dan opera cake juga lezat.,1,Positif,1,Positif,1.5773360970184522
"Matcha premium, mahal tetapi layak dicoba.",1,Positif,1,Positif,1.0602206640404117
Matcha premium dan enak.,1,Positif,1,Positif,3.9037962452780697
Matcha paling worth it di Jakarta.,1,Positif,1,Positif,1.2903126072948312
"Matcha milk, mochi, ice cream enak.",1,Positif,1,Positif,3.8791386028764983
Matcha milk rich dan pas.,1,Positif,1,Positif,2.48343208227898
"Matcha milk kurang, ice cream lebih enak, harga mahal.",1,Positif,1,Positif,1.5815919956618698
Matcha milk favorit.,1,Positif,1,Positif,3.3842554918049146
"Matcha milk enak, tetapi penjelasan staf kurang detail.",1,Positif,1,Positif,0.910880837978247
Matcha milk enak dan tidak terlalu manis.,1,Positif,1,Positif,1.6368506192194259
"Matcha milk dan soft serve enak, tempat nyaman, namun pelayanan perlu ditingkatkan saat ramai.",1,Positif,1,Positif,1.8206678075746363
"Matcha milk dan makanan enak, namun chicken wings perlu peningkatan rasa. Pelayanan ramah dan suasana nyaman.",1,Positif,1,Positif,1.6715943080496318
"Matcha milk dan klepon sangat enak, nasi goreng dan beef short ribs juga disukai.",1,Positif,1,Positif,2.1179735976072105
"Matcha memiliki rasa autentik, namun saya lebih menyukai tingkat gula rendah karena varian normal terlalu manis. Secara keseluruhan pengalaman yang baik.",1,Positif,1,Positif,0.6180709973752083
Matcha mantap.,1,Positif,1,Positif,1.9437433462037446
Matcha latte yang disajikan sangat enak. Tersedia pula pilihan tanpa gula.,1,Positif,1,Positif,1.0408420807657244
"Matcha latte yang disajikan cukup baik, setara dengan yang ada di Singapura, dan kita benar-benar dapat merasakan cita rasa gurih (umami) yang pekat di dalamnya. Anda patut mencoba matcha latte mereka.",1,Positif,1,Positif,0.22118470102024684
"Matcha latte terasa sedikit hambar, lebih baik menggunakan tingkat gula normal.",1,Positif,0,Negatif,-0.2224446951256154
"Matcha latte tanpa gula sangat pahit, tetapi enak jika sesuai selera.",1,Positif,1,Positif,0.25045486430962915
"Matcha kuat dan umami, tempat luas dan cocok untuk hangout, tetapi pelayanan bisa lebih cepat.",1,Positif,1,Positif,1.5662390333002714
Matcha kuat dan tempat nyaman.,1,Positif,1,Positif,2.289216772999797
Matcha favorit.,1,Positif,1,Positif,3.097125889669108
Matcha enak.,1,Positif,1,Positif,4.253198489911779
"Matcha enak, tetapi beberapa menu terlalu manis.",1,Positif,1,Positif,1.5988620962138338
"Matcha enak, tempat nyaman, pelayanan baik.",1,Positif,1,Positif,3.856130894030915
Matcha enak dengan pahit yang pas.,1,Positif,1,Positif,1.173592740338997
Matcha enak dan terasa kuat.,1,Positif,1,Positif,2.3306777741815843
Matcha enak dan tempatnya bagus.,1,Positif,1,Positif,4.088025697922564
Matcha enak dan tempat nyaman.,1,Positif,1,Positif,3.7013838616188646
Matcha enak dan tempat cozy.,1,Positif,1,Positif,3.481827027019921
Matcha enak dan tempat bagus.,1,Positif,1,Positif,3.902272527752796
Matcha enak dan suasana nyaman.,1,Positif,1,Positif,3.3120770056551296
Matcha enak dan pekat.,1,Positif,1,Positif,2.935891142513266
Matcha enak dan menyegarkan.,1,Positif,1,Positif,3.2476308991928127
Matcha enak dan ambience bagus.,1,Positif,1,Positif,3.9981318548640146
Matcha dan menu lain enak.,1,Positif,1,Positif,2.602252875601142
Matcha dan makanan enak.,1,Positif,1,Positif,2.8215565589840215
Matcha dan kopi enak.,1,Positif,1,Positif,3.0474771064334534
Matcha dan ice cream enak balance.,1,Positif,1,Positif,3.238721743286074
"Matcha dan hojicha sangat enak, tempat bersih dan cozy, pelayanan ramah.",1,Positif,1,Positif,2.651492154266853
Matcha dan hojicha enak.,1,Positif,1,Positif,3.6503379166653707
Matcha dan dessert enak.,1,Positif,1,Positif,4.091794495797676
Matcha dan cheesecake sangat enak.,1,Positif,1,Positif,2.5627192778103085
Matcha dan cheesecake enak tetapi cukup mahal.,1,Positif,1,Positif,2.0901733942889154
Matcha coffee enak.,1,Positif,1,Positif,5.29730266327898
Matcha cheesecake sangat enak.,1,Positif,1,Positif,2.9216482735103844
"Matcha cheesecake enak, staf ramah.",1,Positif,1,Positif,2.5343549798282323
Matcha cheesecake balance dan enak.,1,Positif,1,Positif,3.6519537047888027
Matcha berkualitas tinggi.,1,Positif,1,Positif,2.697157113876671
"Matcha azuki enak, staf ramah.",1,Positif,1,Positif,2.44436172854401
Matcha autentik.,1,Positif,1,Positif,3.7295183190692165
"Matcha autentik, wajib dikunjungi bagi pecinta matcha.",1,Positif,1,Positif,2.9062291990016265
Matcha autentik di Gandaria City.,1,Positif,1,Positif,1.5299585734000822
Matcha autentik dan pahit.,1,Positif,1,Positif,2.699175310269497
Matcha autentik dan makanan lengkap.,1,Positif,1,Positif,1.8303100175851816
Matcha autentik dan enak.,1,Positif,1,Positif,4.130556202103601
Mantap.,1,Positif,0,Negatif,-0.11279269219089014
Makanannya enak dan tempatnya baik.,1,Positif,1,Positif,3.551317257168358
Makanannya enak dan staf ramah.,1,Positif,1,Positif,2.086138772326981
"Makanan sangat lezat dan disiapkan dengan baik. Staf ramah dan perhatian, pengalaman sangat menyenangkan.",1,Positif,1,Positif,0.9328937182332283
Makanan enak.,1,Positif,1,Positif,2.868996875936591
"Makanan enak, tempat bagus, pelayanan ramah.",1,Positif,1,Positif,3.523680851416015
"Makanan enak, pelayanan ramah.",1,Positif,1,Positif,2.2529518517591973
Makanan enak tapi croissant kurang.,1,Positif,1,Positif,1.1945280751475131
Makanan enak dan tempatnya baik.,1,Positif,1,Positif,3.1298986517189213
Makanan enak dan porsi banyak.,1,Positif,1,Positif,1.1547760031006704
Makanan enak dan pelayanan baik.,1,Positif,1,Positif,2.9953637409998106
Makanan dan minuman enak.,1,Positif,1,Positif,2.2801268342089696
"Makanan dan minuman enak, tempat nyaman.",1,Positif,1,Positif,2.039131036488491
"Lokasinya mudah ditemukan karena berada di dalam mal Gandaria City, tepatnya di lantai ground. Area makan di tempatnya lumayan luas karena tersedia di bagian belakang tempat pemesanan serta di area seberangnya. Jumlah staf cukup banyak sehingga waktu tunggu pesanan tidak terlalu lama. Namun, meskipun banyak staf yang bertugas, saat saya berdiri di depan kasir untuk melihat menu, tidak ada yang menyadari kedatangan saya karena mereka sedang mengobrol dan menggunakan ponsel. Meski demikian, hal tersebut tidak menjadi masalah besar. Saya datang pada hari Rabu pukul 19.30 WIB; saat itu etalase pastry sudah kosong, sehingga pilihan menu hanya dapat dilihat melalui tampilan layar menu saja. Desain area makan di tempatnya cukup nyaman, tersedia sofa, serta suasananya tenang. Seluruh dekorasi ruangan berpadu serasi dengan nuansa warna hijau. Berikut adalah menu yang saya pesan: Matcha Milk: Rp60.000 untuk penyajian dingin, dan menjadi Rp73.000 setelah pajak. Teksturnya lembut, kaya rasa susu, dan memiliki cita rasa gurih (umami). Houjicha Milk: Rp53.000, menjadi Rp63.000 setelah pajak. Minuman ini menggunakan bubuk teh hijau panggang dengan warna yang lebih gelap dibandingkan Matcha Milk.",1,Positif,0,Negatif,-1.129304449562432
Lokasi berada di lantai dasar dekat area acara. Mac and cheese sangat enak dengan rasa seperti saus karbonara. Matcha cenderung pahit sehingga dapat ditambahkan gula sesuai selera.,1,Positif,0,Negatif,-0.027186103879391355
Lezat.,1,Positif,1,Positif,4.944469923212165
"Kuromitsu terasa seperti kopi, dipadukan dengan es krim sangat enak.",1,Positif,1,Positif,0.9080631548740608
Kuromitsu latte dan pastry enak dan segar.,1,Positif,1,Positif,1.7294331721765412
"Kue coklat enak, matcha juga enak, pelayanan ramah.",1,Positif,1,Positif,3.5093419405916237
"Kopi dan pastry enak, harga terjangkau.",1,Positif,1,Positif,1.408340452739101
Kopi dan matcha enak.,1,Positif,1,Positif,3.2176567643799148
Koicha milk dan dirty matcha enak dengan rasa dominan matcha.,1,Positif,1,Positif,2.4562990795232023
"Kecewa karena menu habis dan oven rusak, serta pelayanan kurang ramah.",1,Positif,1,Positif,0.3858240551904046
Kafe yang nyaman dengan matcha berkualitas.,1,Positif,1,Positif,1.71844238278257
Kafe menyediakan berbagai menu matcha dan es krim yang lezat meskipun harganya lebih mahal.,1,Positif,1,Positif,0.03469630420375136
Ice cream enak.,1,Positif,1,Positif,4.030643101756937
Ice cream dan mochi enak.,1,Positif,1,Positif,2.5559699022714786
"Hojicha milk enak, tetapi opera cake terlalu manis. Pelayanan sangat baik, staf responsif dan profesional.",1,Positif,1,Positif,1.566439612307902
Hojicha milk enak dan direkomendasikan untuk dicoba.,1,Positif,1,Positif,3.095331818116047
"Hojicha enak dan mochi wajib dicoba, staf ramah.",1,Positif,1,Positif,2.364972591257831
Hojicha enak dan minuman segar.,1,Positif,1,Positif,2.2514801902248607
Green tea terbaik.,1,Positif,1,Positif,1.3191143341887144
"Gerai matcha di Gandaria City ini berasal dari Singapura. Awalnya saya mengira tempatnya kecil, namun ternyata cukup lega dan luas. Saya memesan matcha latte dan warabi mochi. Presentasinya sangat baik dan rasanya pun enak. Warabi mochi dapat dipadukan antara rasa matcha dan kinako. Jujur, saya lebih menyukai varian kinako karena rasa matcha-nya terlalu dominan. Untuk matcha latte tentu terasa nikmat; saya memesan dengan tingkat gula 30% sesuai dengan rekomendasi. Staf di bagian kasir cukup penuh perhatian. Namun, ada salah satu pramusaji perempuan yang berperawakan tinggi bersikap kurang ramah dan minim senyum. Di sini pelanggan dapat meminta akses Wi-Fi dan tersedia cukup banyak stopkontak.",1,Positif,1,Positif,0.23217457600842445
Es krimnya sangat enak dan menjadi yang terbaik.,1,Positif,1,Positif,1.1240755840130552
Es krim matcha enak dengan rasa balance.,1,Positif,1,Positif,1.8582274031510169
Enak.,1,Positif,1,Positif,6.104025904480867
"Enak, staf ramah, tempat nyaman.",1,Positif,1,Positif,2.796877315337199
"Enak, nyaman, dan sepadan.",1,Positif,1,Positif,3.6062148637863785
"Enak, matchanya terasa autentik, pelayanan nyaman.",1,Positif,1,Positif,3.127005996066655
Enak sekali.,1,Positif,1,Positif,1.9635983916079067
"Enak sekali, senang ada toko khusus matcha.",1,Positif,0,Negatif,-0.14932633453394584
"Enak sekali, matchanya autentik.",1,Positif,1,Positif,3.36093955720579
Enak dan tempat nyaman.,1,Positif,1,Positif,3.4632768745353055
"Enak dan tempat nyaman, dessert enak.",1,Positif,1,Positif,4.08012014747153
Enak dan segar.,1,Positif,1,Positif,2.5303961663787526
Enak banget.,1,Positif,1,Positif,2.2887561420955636
Disarankan mencoba ceremonial matcha dengan gula rendah karena menggunakan matcha premium. Makanan juga enak.,1,Positif,1,Positif,1.4424182908854748
Dirty matcha enak dan mochi juga oke.,1,Positif,1,Positif,3.0431679130904707
Dessert enak dan balance.,1,Positif,1,Positif,3.7389469364216623
"Dessert dan minuman enak dengan rasa matcha yang kuat. Pelayanan ramah, informatif, dan cepat.",1,Positif,1,Positif,2.0339775809856486
Dessert autentik.,1,Positif,1,Positif,3.6209974935125833
Croissant sangat enak.,1,Positif,1,Positif,2.7630634808953074
Croissant enak dan konsep kafe menarik karena bisa melihat proses matcha.,1,Positif,1,Positif,1.4379128519497801
Cocok untuk WFC.,1,Positif,1,Positif,1.895558486867129
Cocok untuk pecinta matcha.,1,Positif,1,Positif,2.790584507694965
"Cheesecake-nya sangat lezat dengan tingkat keasaman yang pas dan tidak membuat enek. Lapisan matcha di atasnya cukup tebal dan manis; kemungkinan hal tersebut dimaksudkan untuk menyeimbangkan rasa asam dari cheesecake-nya. Opera matcha juga terasa pas di lidah. Namun, lapisan gulanya agak tebal dan terlalu manis sehingga sedikit mengganggu, padahal rasa cake-nya sendiri enak. Akhirnya, saya hanya menikmati bagian cake-nya saja. Matcha milk-nya terasa sangat pas dan enak. Untuk minuman double chocolate, rasa dark chocolate-nya lezat dan tidak terlalu manis sehingga tidak membuat enek. Saya juga memesan blueberry cheesecake untuk dibawa pulang (take away), namun belum sempat dicicipi. Secara keseluruhan, semua hidangan terasa memuaskan.",1,Positif,0,Negatif,-0.04627778592617615
Cheesecake matcha enak.,1,Positif,1,Positif,4.043069195573492
"Cheesecake dan matcha enak, pelayanan cepat.",1,Positif,1,Positif,3.138874822692356
Cake-nya enak.,1,Positif,1,Positif,3.1745552924836486
Banyak varian matcha untuk pecinta matcha.,1,Positif,1,Positif,2.631612430889183
"Banyak tempat matcha yang overrated di Jakarta, dan ini yang paling mendekati yang saya coba di Jepang.",1,Positif,0,Negatif,-0.20823620537367568
Bagus.,1,Positif,1,Positif,4.383427273337025
Rasa matcha kuat dan umami.,1,Positif,1,Positif,1.3965273998898111
Affogato sangat baik.,1,Positif,1,Positif,1.8339432260768667
Terbaik.,1,Positif,1,Positif,4.9870926264927595
Tempat matcha yang sangat bagus.,1,Positif,1,Positif,1.2349829273846162
Sudah tiga kali ke sini dan matchanya selalu enak.,1,Positif,1,Positif,1.0908618646796582
Snack dan minuman sangat enak.,1,Positif,1,Positif,2.186397983900412
"Rasa dan pelayanan baik, staf menjelaskan dengan jelas.",1,Positif,1,Positif,0.46197715059939914
"Rasa 9, pelayanan 9.8, overall sangat baik.",1,Positif,1,Positif,1.4279480703684468
Pelayanan sangat baik dan perhatian.,1,Positif,1,Positif,1.511124283557371
Mochinya enak.,1,Positif,1,Positif,4.344954186645718
"Matcha, hojicha, dan mochi semuanya enak.",1,Positif,1,Positif,2.879294090644356
Matcha enak dan pelayanan ramah.,1,Positif,1,Positif,3.2282991567218646
Matcha berkualitas dan pastry enak.,1,Positif,1,Positif,3.637838627921436
Es krim matcha enak dan autentik.,1,Positif,1,Positif,2.7281390243973633
"Tempat terbaik untuk menikmati berbagai matcha, pelayanan dan ambience sangat baik.",1,Positif,1,Positif,2.1994906280780975
Tempat menarik dengan konsep matcha. Minuman koicha milk memiliki aroma yang lebih kuat dibandingkan varian lain. Kue wortel kurang lembut dan terlalu manis.,1,Positif,1,Positif,0.7716227674582017
Tempat luas dengan banyak pilihan menu. Matcha strawberry milk enak dengan rasa balance.,1,Positif,1,Positif,2.1327270753594774
"Seperti biasa, ketika mengunjungi kedai kopi atau teh, saya memesan dark chocolate dan croissant ham & keju. Tempatnya tidak terlalu besar dan lebih berfokus pada menu matcha, tetapi tetap menyediakan minuman non-matcha seperti kopi dan cokelat sehingga tetap cocok bagi yang tidak menyukai matcha. Area duduk berada di dalam ruangan dan terbagi menjadi dua bagian. Hot chocolate cukup baik, tetapi kurang kuat. Croissant ham & keju lezat dengan tekstur renyah di luar dan lembut di dalam. Pelayanan baik, namun harga relatif mahal.",1,Positif,1,Positif,0.10575243147436125
"Sudah sejak lama saya sangat ingin berkunjung ke tempat ini. Namun, saat datang tadi, saya merasa kecewa dengan pelayanan staf pria di bagian kasir yang bersikap kurang ramah. Saya merasa tidak nyaman saat sedang melihat menu di area kasir; seolah-olah pelanggan tidak diperbolehkan untuk melihat menu terlebih dahulu. Kami sempat duduk sebentar, tetapi akhirnya kami memutuskan untuk mencari tempat lain saja.",0,Negatif,0,Negatif,-1.2416569895730958
"Saya merasa penasaran dengan gerai matcha asal Singapura ini saat berkunjung ke Gandaria City. Lokasinya berada di lantai dasar dan pilihan menunya meliputi matcha, kopi, maupun minuman non-kopi lainnya. Mereka bahkan menyediakan cake, croissant, hingga hidangan utama. Area tempat duduknya cukup luas dan suasananya cukup nyaman. Para staf sangat informatif, ramah, dan cukup responsif. Berikut adalah menu yang saya coba: Butter Croissant (Rp25.000) Kualitas butter croissant ini cukup baik. Saya memilih untuk menyajikannya dalam keadaan hangat. Rasanya tidak terlalu dominan mentega, namun aromanya harum. Ukurannya pun cukup besar. Carrot Cake Menu ini adalah pesanan teman yang saya cicipi. Rasanya standar, cukup baik namun tidak terlalu istimewa. Tekstur cake bukan jenis yang lembap (moist), tetapi setidaknya tidak sulit untuk ditelan. Krimnya padat dengan hiasan gula bubuk (icing sugar) berbentuk wortel di atasnya. Matcha Milk (Rp53.000) Matcha ini bukan kategori premium. Saya menggunakan sedikit gula sehingga rasanya cenderung pahit-manis (bitter sweet). Menurut saya ini masih cukup baik karena tidak terlalu dominan susu, namun kualitas tehnya serupa dengan merek kompetitor meski harganya jauh lebih mahal, walaupun takaran matcha di sini lebih banyak. Menurut saya, harganya cenderung terlalu mahal. Ice Signature Koicha (Rp85.000) Jujur, saya terkejut karena harganya sangat mahal. Rasa matcha-nya memang lebih pekat dan gurih (umami). Karakter rasanya berbeda dengan matcha yang digunakan pada menu matcha milk. Namun, saya sudah pernah mencoba merek lain yang kualitasnya setara tetapi lebih terjangkau. Kesimpulan: Secara keseluruhan, saya memahami bahwa ini merupakan merek asal Singapura sehingga harganya lebih mahal dibandingkan merek lokal. Namun, karena saya sudah menemukan kedai matcha lokal yang harganya lebih murah dengan rasa yang setara, menurut saya harga di sini terlalu tinggi dibandingkan kualitasnya. Bagi saya, cukup mencobanya sekali saja.",0,Negatif,0,Negatif,-0.17302595607378168
"Saya mencoba matcha parfait. Meskipun rasanya sedikit terlalu pahit bagi selera saya, menurut saya itulah cita rasa yang autentik. Tempat ini menawarkan desain yang mewah dan modern.",0,Negatif,1,Positif,0.5030932163994878
"Saya memesan untuk dibawa pulang karena pesanan tersebut ditujukan bagi teman-teman saya. Menurut saya, harganya terlalu mahal dibandingkan dengan produk sejenis, meskipun rasa matcha-nya enak. Pengemasan untuk dibawa pulang juga tidak sesuai dengan harga dan tingkat kafe ini. Pesanan hanya diberikan kantong plastik bening dan wadah gelas yang direkatkan dengan selotip agar tidak tumpah. Jika dibandingkan dengan gerai kopi populer lainnya, mereka menyediakan kantong kertas dan wadah gelas yang lebih layak. Gelas yang digunakan pun polos dengan material plastik yang sangat tipis. Untuk layanan bawa pulang, pihak pengelola harus mempertimbangkan kembali kualitas pengemasan agar sesuai dengan kelas kafe ini, mengingat harganya yang berada di atas rata-rata.",0,Negatif,0,Negatif,-1.1448619924934316
"Saya memesan ochiha matcha, namun ternyata minuman ini benar-benar tidak ada rasa manisnya. Rasa matcha-nya memang sangat kuat, tetapi terasa sangat pahit sehingga tidak dapat dinikmati. Harganya pun tergolong mahal untuk ukuran minuman tersebut. Rasanya sangat pahit, padahal saya baru pertama kali mencobanya.",0,Negatif,0,Negatif,-0.8710252759482766
Rasanya biasa saja dan cenderung kurang memuaskan. Saya hanya ingin mencobanya sekali dan tidak berencana untuk berkunjung kembali.,0,Negatif,0,Negatif,-0.2744892672687421
Rasa mochi-nya sangat mengecewakan dan harganya mahal—jauh lebih mahal dibandingkan harga mochi berkualitas di Jepang. Saya menyarankan untuk tidak mencoba mochi-nya karena tidak sebanding dengan harganya.,0,Negatif,0,Negatif,-0.5484682355262486
"Lebih banyak airnya, tidak creamy sama sekali, harganya mahal tetapi tidak sebanding. Rasanya sangat cair seperti minum air teh biasa.",0,Negatif,0,Negatif,-1.9653580681536638
"Kualitas cake-nya pun biasa saja dan rasa matcha-nya kurang kuat, tidak seperti di cabang Kelapa Gading. Apakah hal ini karena gerai ini masih baru sehingga masih dalam tahap penyesuaian formula yang tepat? Suasana kafe tergolong ramai, kemungkinan karena promosi yang masif di berbagai media; saya pun termasuk salah satu pelanggan yang tertarik setelah melihat iklan di Instagram. Saat sudah duduk, saya diminta pindah oleh pelayan dengan alasan meja tersebut telah dipesan (reserved), padahal tidak ada tanda reservasi sebelumnya. Setelah pindah, pelayan melakukan kesalahan dalam mengantarkan pesanan sebanyak dua kali. Hal ini mungkin terjadi karena tidak adanya nomor meja seperti biasanya. Kembali lagi, mungkin karena gerai ini baru dibuka, sehingga sistem maupun kesiapan staf dirasa belum maksimal. Untuk saat ini, saya memberikan penilaian bintang tiga terlebih dahulu.",0,Negatif,0,Negatif,-1.551361492571905
Kopi kurang memuaskan.,0,Negatif,1,Positif,1.2695764218223613
"Ini adalah kali kedua saya mencoba Matchaya dan kunjungan pertama saya ke cabang Gandaria City. Saya menikmati minuman yang saya beli pada kunjungan sebelumnya, namun kali ini sangat mengecewakan. Kami memesan yuzu tea dan hojicha latte yang total harganya mencapai sekitar Rp130.000. Harga minuman tersebut sangat mahal dan tidak sebanding dengan kualitasnya. Hojicha latte rasanya hanya seperti susu dengan es dan pewarna cokelat, sedangkan yuzu tea rasanya seperti teh hitam biasa dengan sedikit aroma lemon. Dengan harga tersebut, saya bisa mendapatkan minuman yang jauh lebih baik di Uki atau Chon Tea. Bubuk yang digunakan pada hojicha latte sangat sedikit. Menu lemonade cooler di Starbucks jauh lebih unggul daripada yuzu tea di sini, bahkan harganya pun lebih murah. Selain itu, kami harus menunggu sekitar 20 menit untuk pesanan tersebut. Saya memahami bahwa waktu tunggu tersebut normal untuk gerai matcha, namun pesanan saya tidak mengandung matcha sehingga seharusnya tidak memakan waktu selama itu. Sayangnya, saya tidak akan kembali berkunjung.",0,Negatif,0,Negatif,-0.862581445720977
"Harganya sangat mahal, dua gelas matcha seharga Rp186.000. Rasanya pun biasa saja, serupa dengan matcha yang harganya di bawah Rp50.000.",0,Negatif,0,Negatif,-0.2635694758422851
"Es krim enak, tetapi tidak diperbolehkan duduk meskipun tersedia kursi kosong.",0,Negatif,0,Negatif,-0.26947902579350025
"Area ruangan di sini cukup terbatas. Kami sempat kesulitan mencari tempat duduk dan sepertinya separuh dari area tempat ini telah dipesan oleh sebuah biro perjalanan. Kami akhirnya berhasil mendapatkan kursi saat ada pelanggan lain yang baru saja pergi. Namun, saat saya duduk, seorang pelayan menghampiri saya dan mengatakan bahwa meja tersebut telah dipesan. Padahal, saya tidak melihat adanya tanda reservasi dan saya jelas merupakan orang pertama yang menempati meja tersebut setelah pelanggan sebelumnya pergi. Saya memutuskan untuk tidak memperpanjang masalah dan merelakan meja tersebut. Akhirnya, kami memilih untuk membawa pulang minuman tersebut, tetapi pengalaman tersebut sangat tidak menyenangkan.",0,Negatif,0,Negatif,-1.3032274524549878
Antrian panjang dan harga mahal.,0,Negatif,1,Positif,0.06405416537315273
"Sangat mengecewakan. Staf tidak profesional dan banyak terjadi miskomunikasi terkait ketersediaan menu, kemungkinan karena kekurangan staf. Tempat tidak tertata rapi dan bahan makanan disimpan sembarangan di ruang terbuka. Saya memesan daiou pan rasa matcha cokelat, namun dibuatkan rasa keju. Setelah selesai, staf baru menginformasikan bahwa rasa cokelat habis, tidak sesuai dengan informasi saat pembayaran. Akhirnya saya harus menunggu koordinasi staf, dan ternyata rasa cokelat tersedia. Sayangnya, rasa matcha-nya kurang kuat dibandingkan cabang PVJ. Untuk mochi montblanc, rasa es krim vanilanya sangat aneh dengan aroma durian yang tidak seharusnya ada. Chocolate cake-nya pun sudah berbau dan rasanya tidak enak. Tolong tingkatkan kinerja staf, kebersihan alat, serta area penyimpanan bahan. Kurang direkomendasikan.",0,Negatif,0,Negatif,-0.8791700957188039
Mohon diperhatikan kembali pelayanannya karena kasirnya sangat tidak ramah. Kualitas makanan yang enak menjadi tidak berarti jika pelayanannya buruk.,0,Negatif,0,Negatif,-0.8464237634682945
"Saya sudah tiga kali membeli cheese coin di sini, namun rasanya selalu aneh, bentuknya tidak bagus, dan porsi kejunya lebih sedikit. Terkadang ada rasa hangus atau asam, sangat berbeda dari biasanya. Saya kira hanya sugesti, ternyata memang kualitasnya konsisten buruk. Padahal cabang PVJ sangat enak dengan porsi keju yang banyak.",0,Negatif,0,Negatif,-1.0250864932634896
"Saya datang pukul 20.40 WIB untuk membeli takoyaki, namun diinformasikan sudah habis. Cukup mengecewakan padahal jam operasional berakhir pukul 22.00 WIB.",0,Negatif,0,Negatif,-2.358887017123859
"Meskipun makanannya enak, kasirnya sangat tidak ramah. Saat saya memanggil, staf tersebut hanya merespons dengan lirikan mata tanpa etika yang baik. Sebagai pekerja di bidang hospitalitas, saya merasa hal tersebut sangat tidak pantas. Mohon perbaiki etika dan pelayanan, terutama staf kasir tersebut.",0,Negatif,0,Negatif,-0.9844374704578368
"Waktu menunggu terlalu lama, sangat mengecewakan.",0,Negatif,0,Negatif,-1.4769385117644478
Pengalaman keseluruhan sangat buruk.,0,Negatif,0,Negatif,-0.7007276514445757
"Saya mengalami diare setelah mengonsumsi iced matcha lemonade yang lemonnya sepertinya sudah tidak segar. Meskipun dipesan dengan tingkat gula rendah, rasanya sama sekali tidak manis. Es krimnya juga memiliki aroma durian yang aneh. Suasana tempat bagus, namun kendali mutunya sangat kurang.",0,Negatif,0,Negatif,-0.6352701652670115
"Untuk pesanan daring, mohon jangan membiasakan menunggu pengemudi tiba baru mulai dibuat. Jika tidak siap melayani pesanan daring, sebaiknya aplikasi dimatikan saja.",0,Negatif,0,Negatif,-3.1153365346329505
Pelayanannya kurang fokus. Mulai dari masalah mesin EDC hingga staf yang lebih banyak mengobrol sehingga pesanan takoyaki yang seharusnya sudah selesai harus ditunggu kembali. Pelayanannya sangat lambat.,0,Negatif,0,Negatif,-2.0939407248458193
Staf bernama Reza bekerja sangat lambat dan tidak ramah. Saya menunggu 40 menit padahal tidak ada pelanggan lain saat itu.,0,Negatif,0,Negatif,-2.5655102830094396
"Menunggu 40 menit hanya untuk es krim. Saat dikonfirmasi, pelayan justru bersikap tidak acuh. Sangat mengecewakan dan tidak fokus.",0,Negatif,0,Negatif,-1.9575519534672259
"Penyajiannya sangat lambat, es krim sudah mencair, dan tidak tersedia suntikan cokelat. Pelayanan di cabang Paskal mengecewakan, berbeda dengan cabang Ciwalk yang lebih baik.",0,Negatif,0,Negatif,-0.6885126909529348
"Hanya unggul di tampilan gerai saja. Proses pembuatan lambat, rasa takoyaki terlalu manis, dan guritanya alot. Harganya pun cukup mahal.",0,Negatif,0,Negatif,-0.7688977034384158
"Pilihan menu makanan dan minuman belum banyak, namun secara keseluruhan enak. Sayangnya, pelayanan lama dan metode pembayaran nontunai sering bermasalah.",0,Negatif,1,Positif,0.6936531472189253
Pelayanannya buruk dan sangat lambat. Saya menunggu hampir satu jam untuk pesanan saya. Staf juga memberikan informasi yang berubah-ubah mengenai ketersediaan wadah dan es krim. Mohon pelayanan diperbaiki dan staf lebih terorganisir dalam menyelesaikan nomor antrean.,0,Negatif,0,Negatif,-1.3684284148688564
Antre cukup lama namun ternyata tidak menerima pembayaran tunai. Sangat menyulitkan.,0,Negatif,0,Negatif,-1.2767744078617902
Es krimnya sudah mencair saat diberikan. Mohon diperiksa kembali sebelum diberikan kepada pelanggan karena tidak sebanding dengan harganya.,0,Negatif,0,Negatif,-1.508521180870712
"Saya mencoba mont blanc, taiyaki, dan ice cone with mochi + taiyaki di sebuah bazar. Mont blanc rasanya enak dengan porsi besar. Namun, taiyaki berbau telur dan adonannya bantat. Mochi pada ice cone juga sangat keras dan tidak layak dikonsumsi. Semoga menjadi perbaikan ke depannya.",0,Negatif,1,Positif,0.1025506250826334
Waktu tunggu pesanan terlalu lama padahal antrean tidak terlalu banyak.,0,Negatif,0,Negatif,-2.908973975148935
"Proses pembuatannya sangat lama, tidak direkomendasikan bagi yang terburu-buru.",0,Negatif,0,Negatif,-0.8839577587259899
"Matcha montblanc rasanya standar, penggunaan mesin yang sedang rusak membuat tampilannya hanya seperti gimmick visual saja. Harganya lebih bersahabat daripada di Jepang, namun kualitas bahannya tentu berbeda. Cukup dicoba sekali saja.",0,Negatif,0,Negatif,-0.9796183739523393
"Antrean sangat panjang dan tidak tersedia area untuk makan di tempat. Untuk mendapatkan es krim mochi montblanc yang viral, harus menunggu selama 2 jam. Menurut saya kualitasnya terlalu dilebih-lebihkan (overrated).",0,Negatif,0,Negatif,-0.7773117990150746
"Pilihan jajanan Jepang yang baik dengan dominasi menu matcha. Namun, manajemen gerai kurang baik karena saya harus menunggu hampir satu jam untuk taiyaki yang sebenarnya sudah siap dikemas. Penggunaan nomor antrean juga tidak berurutan sesuai urutan pemesanan.",0,Negatif,0,Negatif,-0.908925988237848
"Sangat kecewa dengan porsi minumannya yang sangat kecil, padahal harganya hampir mencapai seratus ribu rupiah per gelas.",0,Negatif,0,Negatif,-1.9791096902579404
Pelayan di bagian kasir sama sekali tidak ramah dan tidak mau menatap mata saat saya bertanya mengenai komposisi menu.,0,Negatif,0,Negatif,-1.6318689642154536
Menunggu pesanan selama hampir satu jam hanya untuk segelas teh hijau yang rasanya terlalu encer dan hambar.,0,Negatif,0,Negatif,-1.467877034209844
Area tempat duduk sangat sempit dan meja-mejanya tampak kotor dengan bekas tumpahan minuman yang belum dibersihkan.,0,Negatif,0,Negatif,-0.7984560912504733
"Rasa hojicha yang saya pesan memiliki aroma gosong yang sangat mengganggu, hingga tidak bisa dinikmati sama sekali.",0,Negatif,0,Negatif,-1.5151452405549528
Penanganan pesanan bawa pulang sangat buruk; gelas hanya dibungkus plastik tipis dan sangat rentan tumpah di perjalanan.,0,Negatif,0,Negatif,-2.2377233448735048
"Meskipun mengklaim menggunakan bahan premium, rasa matcha-nya tidak jauh berbeda dengan minuman instan di supermarket.",0,Negatif,0,Negatif,-0.676148910333891
Saya merasa diusir secara halus oleh staf karena mereka terus-menerus membersihkan meja di sekitar saya padahal saya belum selesai.,0,Negatif,0,Negatif,-2.301250437888137
"Tekstur mochi yang saya beli terasa keras dan sangat sulit dikunyah, sepertinya ini stok dari beberapa hari yang lalu.",0,Negatif,0,Negatif,-1.5035219697394553
"Harga untuk tambahan susu gandum benar-benar tidak masuk akal, sangat mahal jika dibandingkan dengan kedai kopi lainnya.",0,Negatif,0,Negatif,-0.9317695606709062
"Pendingin ruangan di dalam gerai tidak terasa dingin sama sekali, membuat pengalaman makan di tempat menjadi sangat gerah.",0,Negatif,0,Negatif,-1.6600903504724185
Staf tidak profesional karena lebih sibuk mengobrol dan bermain ponsel daripada melayani antrean yang mulai memanjang.,0,Negatif,0,Negatif,-2.7137117061774862
"Pastry yang disajikan dingin dan lembek, seolah-olah tidak dipanaskan terlebih dahulu sebelum diberikan ke pelanggan.",0,Negatif,0,Negatif,-2.089775256011408
Sistem antrean sangat kacau; pelanggan yang baru datang justru dilayani lebih dulu daripada saya yang sudah menunggu lama.,0,Negatif,0,Negatif,-2.689130653152614
"Rasa manis pada minumannya sangat berlebihan, hingga menutupi seluruh cita rasa asli dari teh hijaunya.",0,Negatif,0,Negatif,-1.1538529265924433
"Es krim yang saya terima sudah mencair setengahnya, sepertinya staf mendiamkan pesanan saya terlalu lama di meja saji.",0,Negatif,0,Negatif,-2.235676365377819
"Lokasi gerai ini sangat berisik dan terbuka, sama sekali tidak nyaman untuk tempat beristirahat atau bekerja.",0,Negatif,0,Negatif,-0.9154756247017917
Biaya layanan dan pajak yang ditambahkan di akhir membuat harga total menjadi sangat tidak sebanding dengan kualitas produk.,0,Negatif,0,Negatif,-1.1412303950103615
"Pilihan menu yang tersedia di layar banyak yang habis, namun staf tidak memberikan tanda sehingga saya harus berkali-kali mengganti pesanan.",0,Negatif,0,Negatif,-1.5981139411382776
"Gelas plastik yang digunakan sangat tipis dan terlihat murah, sangat tidak sesuai dengan citra kafe yang mewah.",0,Negatif,0,Negatif,-1.4193760536090696
"Aroma di dalam gerai tercium bau apek yang kurang sedap, sangat mengganggu selera makan saat baru masuk.",0,Negatif,0,Negatif,-2.216565328668462
"Pelayan salah mencatat pesanan saya sampai dua kali, menunjukkan kurangnya pelatihan bagi staf baru di cabang ini.",0,Negatif,0,Negatif,-1.811535448936806
Matcha latte saya terasa berpasir karena bubuknya tidak teraduk dengan sempurna di dasar gelas.,0,Negatif,0,Negatif,-0.8320164904564792
Kursi yang tersedia sangat keras dan tidak nyaman untuk diduduki dalam waktu lebih dari lima belas menit.,0,Negatif,0,Negatif,-1.2005213602367342
Harga menu hidangan utamanya terlalu tinggi untuk porsi yang sangat sedikit dan rasa yang hanya standar saja.,0,Negatif,0,Negatif,-0.6408433992741169
Penampilan es krim di iklan sangat jauh berbeda dengan aslinya yang tampak berantakan dan tidak menarik.,0,Negatif,0,Negatif,-1.004997304770168
"Akses Wi-Fi yang dijanjikan ternyata tidak bisa digunakan sama sekali, staf juga tidak memberikan solusi saat ditanyakan.",0,Negatif,0,Negatif,-2.189894712204102
Rasa susunya terlalu mendominasi sehingga saya merasa hanya meminum segelas susu putih dengan sedikit pewarna hijau.,0,Negatif,0,Negatif,-1.051424064854209
Staf di area bar terlihat tidak menjaga kebersihan karena tidak menggunakan sarung tangan saat memegang topping makanan.,0,Negatif,0,Negatif,-2.534072802879805
"Meja yang saya tempati bergoyang dan tidak stabil, membuat minuman saya hampir tumpah beberapa kali.",0,Negatif,0,Negatif,-1.9792105616048423
"Kualitas matcha di cabang ini jauh menurun dibandingkan saat pertama kali dibuka, rasanya menjadi lebih pahit yang tidak enak.",0,Negatif,0,Negatif,-0.844523597987357
Menunggu 20 menit hanya untuk mendapatkan informasi bahwa menu yang saya pesan ternyata sudah habis.,0,Negatif,0,Negatif,-1.6598805922865938
"Harga air mineral di sini sangat mahal, hampir setara dengan harga minuman utama di tempat lain.",0,Negatif,0,Negatif,-1.0488008102046522
"Piring yang digunakan untuk menyajikan cake masih terasa berminyak, seolah tidak dicuci dengan bersih.",0,Negatif,0,Negatif,-0.16347629355664106
"Suasana di dalam gerai terlalu gelap dan pencahayaannya sangat minim, membuat mata menjadi tidak nyaman.",0,Negatif,0,Negatif,-0.9333668986839084
Staf bersikap diskriminatif karena lebih mendahulukan pelanggan yang berpakaian rapi daripada pelanggan biasa.,0,Negatif,0,Negatif,-2.0152177523938177
Mochi yang seharusnya kenyal justru terasa sangat lengket dan menempel di seluruh langit-langit mulut.,0,Negatif,0,Negatif,-1.6451140889823366
"Tidak ada pilihan pembayaran tunai, sementara mesin EDC mereka sering kali mengalami gangguan koneksi.",0,Negatif,0,Negatif,-1.978625090781462
"Bagian bawah cone es krim bocor sehingga cairan es krim mengotori pakaian saya, kualitas wadahnya sangat buruk.",0,Negatif,0,Negatif,-1.3093212435711659
Rasa yuzu dalam tehnya terasa seperti perasa buatan yang sangat tajam di tenggorokan.,0,Negatif,0,Negatif,-1.7684852501336832
Area dapur terlihat sangat berantakan dan sampah menumpuk di dekat area persiapan makanan.,0,Negatif,0,Negatif,-1.3697627403858492
"Pelayan memberikan informasi yang salah mengenai tingkat kepahitan menu, sehingga saya mendapatkan minuman yang tidak sesuai selera.",0,Negatif,0,Negatif,-0.9212610380940703
Lapisan luar croissant terasa gosong dan memberikan sisa rasa pahit yang tidak menyenangkan di lidah.,0,Negatif,0,Negatif,-0.7877400580401307
Manajemen gerai sangat tidak responsif terhadap keluhan yang disampaikan langsung di tempat.,0,Negatif,0,Negatif,-1.509514664580918
"Ukuran potongan kue sangat tipis, hampir tidak terasa nilainya untuk harga yang dibayarkan.",0,Negatif,0,Negatif,-1.9971980670326654
"Tidak tersedia stopkontak yang cukup bagi pelanggan yang ingin mengisi daya ponsel, padahal area ini sering digunakan untuk berkumpul.",0,Negatif,0,Negatif,-1.4989283520291408
"Es batu yang diberikan sangat banyak hingga memenuhi hampir seluruh volume gelas, menyisakan sangat sedikit ruang untuk minumannya.",0,Negatif,0,Negatif,-1.903387596649463
"Staf terlihat kebingungan saat gerai mulai ramai, sistem kerja mereka tampak sangat tidak terorganisir.",0,Negatif,0,Negatif,-2.1774807637970013
Bau asap rokok dari luar masuk ke dalam area indoor karena pintu depan sering dibiarkan terbuka lebar.,0,Negatif,0,Negatif,-1.927496377689891
"Matcha parfait yang saya terima tidak menggunakan semua bahan yang tertulis di menu, namun harganya tetap sama.",0,Negatif,0,Negatif,-1.3617242037158308
"Tekstur cheesecake terlalu padat dan keras seperti karet, sulit sekali dipotong menggunakan sendok plastik yang disediakan.",0,Negatif,0,Negatif,-1.6802314581553235
Pelayanan sangat lambat padahal kondisi gerai saat itu sedang sepi dan tidak ada antrean.,0,Negatif,0,Negatif,-2.6164392596715866
Harga yang tercantum di buku menu ternyata belum termasuk pajak dan biaya layanan yang cukup tinggi.,0,Negatif,0,Negatif,-0.454415152826134
Lantai di area cuci tangan sangat licin karena ada genangan air yang tidak segera dipel oleh staf.,0,Negatif,0,Negatif,-2.9060384032268862
"Minuman pesanan saya tidak dingin sama sekali meskipun saya memesan varian iced, es batunya pun sangat sedikit.",0,Negatif,0,Negatif,-0.9235889232079257
Kasir melakukan kesalahan dalam menghitung kembalian dan bersikap defensif saat saya mencoba mengonfirmasi.,0,Negatif,0,Negatif,-1.8103123482873889
"Rasa strawberry pada es krim terasa sangat masam dan tidak segar, seolah-olah menggunakan buah yang hampir busuk.",0,Negatif,0,Negatif,-1.21003460186283
Ruangannya terlalu terbuka sehingga privasi pelanggan sangat terganggu oleh orang-orang yang lalu lalang di koridor mal.,0,Negatif,0,Negatif,-2.2840889234478827
Antrean pesanan daring menumpuk di depan kasir dan menghalangi jalan bagi pelanggan yang ingin makan di tempat.,0,Negatif,0,Negatif,-2.716339744637702
"Saya menemukan helai rambut di dalam mochi yang saya pesan, standar kebersihan mereka sangat meragukan.",0,Negatif,0,Negatif,-1.8775242970460553
"Hojicha milk yang saya terima terasa sangat cair, seperti terlalu banyak campuran air daripada susunya.",0,Negatif,0,Negatif,-1.3456277424983902
"Kursi sofa di pojokan sudah tampak robek dan tidak terawat, sangat merusak estetika kafe.",0,Negatif,0,Negatif,-1.6628665380340666
Staf tidak memberikan struk pembayaran kecuali jika diminta secara paksa oleh pelanggan.,0,Negatif,0,Negatif,-2.8616141523562613
"Harga satu porsi kecil dango hampir setara dengan harga makan siang lengkap di tempat lain, sangat tidak masuk akal.",0,Negatif,0,Negatif,-0.8565750894924613
"Takaran gula 50% masih terasa sangat manis, seolah-olah staf tidak memperhatikan permintaan khusus saya.",0,Negatif,0,Negatif,-0.7310749545816552
Wadah pastry untuk dibawa pulang sangat sempit hingga membuat bentuk kuenya menjadi rusak dan hancur.,0,Negatif,0,Negatif,-1.3685875947928094
Pelayanan pramusaji terasa sangat terburu-buru seolah ingin pelanggan cepat pergi agar meja bisa digunakan orang lain.,0,Negatif,0,Negatif,-1.2070361050298684
Suara musik di dalam gerai terlalu kencang hingga saya kesulitan mendengar suara teman bicara saya sendiri.,0,Negatif,0,Negatif,-1.690246539339106
"Rasa tiramisu matcha-nya sangat mengecewakan, krimnya terasa berlemak di langit-langit mulut dan membuat mual.",0,Negatif,0,Negatif,-0.9036909497448298
"Staf di barisan belakang terdengar berteriak-teriak satu sama lain, menciptakan suasana yang tidak tenang bagi pengunjung.",0,Negatif,0,Negatif,-1.6528770891274696
"Tidak ada nomor meja yang jelas, sehingga pelayan harus berkeliling berkali-kali sambil membawa makanan untuk mencari pemesan.",0,Negatif,0,Negatif,-2.7892173525136443
Harga menu musiman mereka jauh lebih mahal namun rasanya justru lebih buruk daripada menu standar.,0,Negatif,0,Negatif,-1.5118229309298592
Meja tidak dilap dengan baik sehingga masih terasa lengket dan berbau sisa makanan.,0,Negatif,0,Negatif,-1.3855144749488697
"Proses pembuatan satu cup es krim memakan waktu lebih dari 15 menit, manajemen waktunya sangat buruk.",0,Negatif,0,Negatif,-1.5795178173829907
"Minuman latte yang disajikan sama sekali tidak memiliki busa (foam) yang baik, tampak sangat datar dan tidak menggugah selera.",0,Negatif,0,Negatif,-1.1856568194108896
Pelayan menolak untuk memberikan air putih tambahan dengan alasan harus membeli air mineral kemasan yang mahal.,0,Negatif,0,Negatif,-3.4573669472029587
Porsi es krim yang saya terima jauh lebih sedikit dibandingkan pelanggan lain yang memesan menu yang sama.,0,Negatif,0,Negatif,-1.2983408322469923
Area gerai terasa pengap karena sirkulasi udara yang tidak lancar dan berdekatan dengan area pembuangan sampah mal.,0,Negatif,0,Negatif,-2.5476939958032094
Penjelasan staf mengenai jenis-jenis matcha sangat membingungkan dan terkesan asal-asalan.,0,Negatif,0,Negatif,-0.0063759817308464695
"Rasa kue ikannya hambar, adonannya terasa belum matang sempurna di bagian tengah.",0,Negatif,0,Negatif,-1.7180192202884679
"Gelas yang diberikan kepada saya memiliki noda sidik jari yang sangat jelas di bagian pinggirnya, sangat tidak higienis.",0,Negatif,0,Negatif,-2.26910087258895
Harga promosi yang ditawarkan memiliki syarat dan ketentuan yang sangat rumit dan tidak dijelaskan di awal.,0,Negatif,0,Negatif,-0.9622414784116633
Staf keamanan di depan gerai bersikap kasar saat mengatur antrean pengunjung yang ingin masuk.,0,Negatif,0,Negatif,-2.7908337040089544
Rasa lemonade dalam campuran tehnya terlalu mendominasi hingga rasa teh hijaunya hilang sepenuhnya.,0,Negatif,0,Negatif,-1.5708117969176412
"Waktu operasional di pintu gerai tertulis tutup jam 10 malam, namun jam 9 malam staf sudah mulai bersih-bersih dan menolak pesanan.",0,Negatif,0,Negatif,-2.8909142595769657
Tekstur granola dalam parfait sudah tidak renyah lagi dan terasa melempem.,0,Negatif,0,Negatif,-1.5439943840354418
"Porsi bumbu pada takoyaki sangat sedikit, hingga rasanya hanya seperti makan tepung goreng saja.",0,Negatif,0,Negatif,-1.0764944492053827
Lokasi kasir sangat membingungkan dan menghambat alur masuk-keluar pelanggan.,0,Negatif,0,Negatif,-2.5022433468944882
Saya diminta membayar biaya tambahan untuk kantong plastik tanpa diinformasikan sebelumnya oleh kasir.,0,Negatif,0,Negatif,-3.0548816312402054
Rasa matcha pada kuenya meninggalkan sisa rasa pahit kimiawi yang aneh di lidah.,0,Negatif,0,Negatif,-0.9688571129455953
"Tidak ada toilet atau tempat cuci tangan yang dekat dari lokasi gerai, sangat menyulitkan bagi pengunjung.",0,Negatif,0,Negatif,-2.502693337302991
Pelayan menjatuhkan sendok pesanan saya dan hanya mengelapnya dengan tisu sebelum diberikan kembali kepada saya.,0,Negatif,0,Negatif,-1.9654473330750974
Harga satu porsi es krim kerucut naik drastis dalam waktu singkat tanpa adanya peningkatan kualitas rasa.,0,Negatif,0,Negatif,-1.110391002278876
Area tunggu pelanggan sangat terbatas hingga orang-orang harus berdiri berdesakan di koridor mal.,0,Negatif,0,Negatif,-3.046907348294507
Minuman yang saya pesan tidak diaduk dengan benar sehingga semua sirup mengendap di bagian bawah.,0,Negatif,0,Negatif,-1.2246904086382946
Staf terlihat tidak ramah saat saya meminta bantuan untuk mengambilkan sedotan tambahan.,0,Negatif,0,Negatif,-1.7926161576215347
"Rasa butter pada croissant tidak terasa sama sekali, lebih mirip roti biasa dengan tekstur yang kering.",0,Negatif,0,Negatif,-0.8832634146454843
"Wadah gelas plastik yang digunakan mudah bocor di bagian tutupnya, sangat berbahaya untuk dibawa saat berjalan.",0,Negatif,0,Negatif,-2.2746537360164525
"Suasana pencahayaannya terlalu kuning dan remang-remang, tidak cocok untuk mengambil foto makanan.",0,Negatif,0,Negatif,-0.26673876613216146
Secara keseluruhan pengalaman saya sangat buruk dan saya tidak merekomendasikan tempat ini kepada siapa pun.,0,Negatif,1,Positif,0.0187264496141773
"Sangat kecewa, rasa matcha-nya tidak ada bedanya dengan perisa melati murahan.",0,Negatif,0,Negatif,-1.3478682644945947
Kapok ke sini lagi. Menunggu hampir satu jam hanya untuk segelas matcha latte yang pas datang esnya sudah mencair semua.,0,Negatif,0,Negatif,-1.3384854981003511
Harganya sangat tidak masuk akal untuk porsi sekecil itu. Kualitas bubuk tehnya terasa kasar di tenggorokan.,0,Negatif,0,Negatif,-1.7956930519624272
"Area duduk sangat kotor, banyak noda tumpahan matcha hijau di meja yang tidak segera dibersihkan staf.",0,Negatif,0,Negatif,-1.9918271318008092
"Kasirnya sangat tidak ramah, tidak memberikan penjelasan mengenai perbedaan grade matcha saat saya bertanya.",0,Negatif,0,Negatif,-0.901526820979672
"Warabi mochi-nya sangat alot, seolah-olah stok lama yang sudah mengeras di lemari pendingin.",0,Negatif,0,Negatif,-1.4007658042101019
Tempatnya terlalu bising dengan musik yang volumenya tidak masuk akal untuk sebuah kedai teh.,0,Negatif,0,Negatif,-1.4492607991058848
Rasa harganya sangat tidak sebanding.,0,Negatif,0,Negatif,-1.3733149946612992
Pengemasan take-away sangat buruk; saus matcha-nya tumpah ke mana-mana karena wadahnya tidak rapat.,0,Negatif,0,Negatif,-1.9146782671135099
"Ada aroma aneh di minumannya, seperti bau peralatan dapur yang tidak dicuci bersih. Langsung saya buang.",0,Negatif,0,Negatif,-2.2722525433185172
Staf lebih sibuk mengobrol di area bar daripada menyiapkan pesanan antrean yang sudah menumpuk.,0,Negatif,0,Negatif,-3.254681289993809
"Rasa houjicha-nya terlalu manis sampai bikin mual, aroma panggang khasnya hilang tertutup gula.",0,Negatif,0,Negatif,-1.2406265271459584
"Kursinya sangat tidak nyaman, tidak cocok untuk bersantai menikmati teh dalam waktu lama.",0,Negatif,0,Negatif,-1.1247930153224712
"Gelas plastiknya bocor di bagian sambungan bawah, mengotori baju saya. Kualitas kemasannya buruk sekali.",0,Negatif,0,Negatif,-2.016441281428415
"Matcha parfait-nya mengecewakan, topping jelly-nya terasa tawar dan buahnya sudah agak layu.",0,Negatif,0,Negatif,-0.5090239462773624
Mahal tetapi rasanya sangat standar.,0,Negatif,0,Negatif,-0.5493126461077468
"Meja-mejanya lengket semua, membuat pengalaman makan di tempat menjadi sangat tidak nyaman.",0,Negatif,0,Negatif,-0.10161299165564885
Pelayan berkali-kali salah mengantarkan pesanan; saya pesan matcha milk panas malah diberi yang dingin.,0,Negatif,0,Negatif,-1.8657823871393244
"Takaran es batu terlalu banyak, baru dua kali sedot minumannya sudah habis.",0,Negatif,0,Negatif,-1.8733482618068957
"Kondisi pendingin ruangan di dalam gerai sangat buruk, panas sekali saat sedang ramai pengunjung.",0,Negatif,0,Negatif,-3.1947072775789156
Menu ceremonial matcha yang saya inginkan selalu habis setiap kali saya berkunjung ke cabang ini.,0,Negatif,0,Negatif,-0.5320524655716442
"Tekstur matcha cake-nya sangat kering dan keras, sulit sekali dipotong menggunakan sendok plastik.",0,Negatif,0,Negatif,-1.7797697131064267
Pembayaran hanya menerima nontunai namun koneksi mesin mereka sering kali bermasalah.,0,Negatif,0,Negatif,-2.0231531999559285
"Aroma asap rokok dari area luar mal masuk ke dalam ruangan gerai, sangat merusak suasana minum teh.",0,Negatif,0,Negatif,-2.0194015427895216
Kualitas pelayanannya sangat buruk.,0,Negatif,0,Negatif,-2.063172267623505
"Potongan brownies di dasar es krimnya hancur seperti remah-remah sisa, bukan potongan utuh seperti di menu.",0,Negatif,0,Negatif,-1.4763318135147325
"Koneksi Wi-Fi hampir tidak ada dan stopkontak banyak yang tidak berfungsi, tidak cocok untuk bekerja.",0,Negatif,0,Negatif,-2.317271338814038
"Rasa susunya terasa aneh, menutupi rasa matcha premium yang dijanjikan di iklan.",0,Negatif,0,Negatif,-0.836689933893677
Standar kebersihan bar sangat meragukan; staf menyentuh uang lalu langsung menyiapkan mochi tanpa sarung tangan.,0,Negatif,0,Negatif,-2.362736200036351
"Taiyaki matcha-nya bantat dan keras, tidak renyah sama sekali di bagian luarnya.",0,Negatif,0,Negatif,-1.59870224539913
"Porsi topping tambahannya sangat sedikit, tidak sebanding dengan harganya yang mahal.",0,Negatif,0,Negatif,-1.9073986004244659
Alur antrean di depan kasir sangat membingungkan dan menghalangi pelanggan lain yang ingin keluar.,0,Negatif,0,Negatif,-2.7591439775306084
"Harga air mineral di sini tidak masuk logika, jauh melampaui harga standar mal.",0,Negatif,0,Negatif,-3.12262758231958
Minumannya meninggalkan sisa rasa pahit kimiawi (aftertaste) yang aneh di pangkal lidah.,0,Negatif,0,Negatif,-1.4051370392546048
Pelayanannya sangat lamban; memesan satu cup matcha saja harus menunggu selama 40 menit.,0,Negatif,0,Negatif,-0.8734075378216541
Ruangan terasa sangat pengap karena sistem ventilasi udara di sudut gerai ini sepertinya mati.,0,Negatif,0,Negatif,-2.263444361627604
"Rasa cokelat pada menu campuran jauh lebih kuat daripada matcha-nya, padahal saya pesan menu utama matcha.",0,Negatif,0,Negatif,-1.0957903500536736
Staf tidak memahami produk sendiri saat ditanya perbedaan antara koicha dan usucha.,0,Negatif,0,Negatif,-0.4169078379092924
"Meja tidak stabil dan goyang-goyang, sangat mengganggu saat ingin menikmati dessert yang berlapis.",0,Negatif,0,Negatif,-1.2354418377295795
"Es krim matcha-nya terasa berpasir, sepertinya bubuk tehnya tidak diayak atau diaduk dengan benar.",0,Negatif,0,Negatif,-1.1518885944997812
Harga di buku menu tidak jujur karena belum termasuk pajak dan biaya layanan yang cukup tinggi.,0,Negatif,0,Negatif,-0.20090817261244343
"Pencahayaan di dalam gerai terlalu redup, sulit sekali untuk melihat detail warna matcha yang dipesan.",0,Negatif,0,Negatif,-1.3937604023973875
"Petugas kebersihan mal sering membawa tempat sampah besar melintas di dekat area makan, sangat mengganggu.",0,Negatif,0,Negatif,-1.261662537339205
"Shiratama dango-nya tidak matang sempurna, bagian dalamnya masih terasa seperti tepung mentah.",0,Negatif,0,Negatif,-1.8373819919643777
"Wadah plastik minumannya berbau lem yang menyengat, merusak aroma asli teh hijaunya.",0,Negatif,0,Negatif,-2.316998332055914
Promo potongan harga di media sosial ternyata syaratnya sangat rumit dan tidak diinfokan sebelumnya.,0,Negatif,0,Negatif,-1.9622398637393528
Staf keamanan di pintu masuk bersikap sangat kasar saat mengatur antrean pengunjung.,0,Negatif,0,Negatif,-3.410600985697636
"Campuran matcha lemonade-nya terlalu masam dan pahit kulit lemon, tidak bisa dinikmati.",0,Negatif,0,Negatif,-0.9021724415847587
Jam operasional tidak konsisten; saya datang jam 9 malam sudah ditolak padahal harusnya tutup jam 10.,0,Negatif,0,Negatif,-3.3104660949734206
"Granola pada menu parfait sudah tidak renyah lagi, sepertinya sudah terkena udara terlalu lama.",0,Negatif,0,Negatif,-1.631607385200405
"Saus matcha mentai pada jajanan asinnya terlalu sedikit, hanya terasa seperti makan tepung goreng saja.",0,Negatif,0,Negatif,-0.4683859641853533
"Lokasi gerai berdekatan dengan area pembuangan sampah mal, aromanya sesekali tercium sampai ke dalam.",0,Negatif,0,Negatif,-2.753335055330955
Penjelasan staf mengenai tingkat kepekatan matcha hanya terdengar seperti teknik pemasaran tanpa bukti rasa.,0,Negatif,0,Negatif,-0.3617872098170142
"Adonan kue berbentuk ikannya hambar, tidak ada aroma butter atau rasa manis yang seimbang.",0,Negatif,0,Negatif,-1.4714309729337778
"Gelas penyajian memiliki noda sidik jari di pinggirannya, sangat tidak higienis untuk gerai sekelas ini.",0,Negatif,0,Negatif,-1.642365346867797
"Sistem antreannya sangat berantakan, pelanggan yang baru datang sering kali dilayani terlebih dahulu.",0,Negatif,0,Negatif,-2.952719516168911
"Rasa matcha-nya terasa buatan, seperti menggunakan perasa matcha instan yang banyak dijual di toko grosir.",0,Negatif,0,Negatif,-1.5358340529015173
"Tidak tersedia wastafel di dalam gerai, repot sekali jika tangan terkena tumpahan sirup yang lengket.",0,Negatif,0,Negatif,-2.6621511464221292
"Sendok plastik saya jatuh ke lantai, namun staf hanya mengelapnya dengan tisu dan memberikannya kembali.",0,Negatif,0,Negatif,-2.0641746575357325
Harga es krim matcha terus naik sementara ukurannya terlihat semakin mengecil dari waktu ke waktu.,0,Negatif,0,Negatif,-1.2585353366456669
Area tunggu sangat terbatas sehingga pelanggan harus berdiri berdesakan di lorong mal yang panas.,0,Negatif,0,Negatif,-2.550653424624075
Minuman tidak diaduk dengan benar; semua bubuk matcha mengendap di dasar gelas dalam bentuk gumpalan.,0,Negatif,0,Negatif,-1.0089097834288827
Staf menunjukkan wajah masam saat saya meminta tambahan sedotan atau tisu.,0,Negatif,0,Negatif,-2.4434097239399715
Matcha croissant-nya sangat keras seperti kayu dan tidak terasa menteganya sama sekali.,0,Negatif,0,Negatif,-1.1276307676581436
"Tutup gelas bawa pulang sangat longgar, pesanan saya tumpah hampir separuhnya di dalam tas.",0,Negatif,0,Negatif,-2.4939160515575334
"Pencahayaannya sangat buruk untuk berfoto, warna matcha yang harusnya hijau segar jadi terlihat kusam.",0,Negatif,0,Negatif,-1.325189450484007
Pengalaman mencicipi matcha terburuk yang pernah saya alami.,0,Negatif,0,Negatif,-0.5971385145980105
"Saya pesan matcha milk, namun isinya didominasi oleh es batu sebanyak 75% dari volume gelas.",0,Negatif,0,Negatif,-0.9012037456028122
Interior gerai terlihat tidak terawat; banyak bagian dinding yang terkelupas dan kursinya goyang.,0,Negatif,0,Negatif,-1.8212811421552195
"Staf berteriak-teriak memanggil nama pesanan, suasananya menjadi riuh dan tidak menenangkan sama sekali.",0,Negatif,0,Negatif,-1.805853745877073
"Tidak tersedia pilihan tanpa gula, sangat menyulitkan bagi pelanggan yang menghindari pemanis.",0,Negatif,0,Negatif,-1.290682696100708
Menu musiman harganya sangat mahal tetapi rasanya jauh di bawah standar menu reguler.,0,Negatif,0,Negatif,-1.0302394585582173
Proses penyiapan es krim soft serve saja memakan waktu sangat lama hingga kaki saya pegal mengantre.,0,Negatif,0,Negatif,-0.9337799199626463
"Latte art-nya tidak ada dan busanya sangat kasar, lebih mirip teh tarik pinggir jalan daripada menu kafe.",0,Negatif,0,Negatif,-2.02731945747547
Pelayan menolak memberikan air putih tambahan dan memaksa saya membeli air mineral botolan yang mahal.,0,Negatif,0,Negatif,-2.9363079022622576
"Porsi es krim saya terlihat jauh lebih sedikit dibandingkan pelanggan lain, entah karena tidak teliti atau apa.",0,Negatif,0,Negatif,-1.554720029818124
"Ruangannya terlalu sempit, tidak direkomendasikan jika Anda membawa keluarga atau kereta bayi.",0,Negatif,0,Negatif,-0.9045925719111919
Penjelasan menu dari pramusaji sangat menyesatkan; katanya manis ternyata pahit sekali.,0,Negatif,0,Negatif,-1.004620629524175
Wangi pengharum ruangan di dalam gerai terlalu kuat hingga merusak indra penciuman saat mencicipi teh.,0,Negatif,0,Negatif,-1.8214762727050822
Harga menu di kedai teh ini benar-benar tidak masuk akal.,0,Negatif,0,Negatif,-1.564258625675405
"Tidak ada garis pembatas antrean yang jelas, pelanggan daring dan luring menumpuk jadi satu di depan bar.",0,Negatif,0,Negatif,-3.6011211675095307
Saya dikenakan biaya kantong plastik tambahan padahal sudah menghabiskan banyak uang di sini.,0,Negatif,0,Negatif,-2.963736735941129
Saus matcha-nya terlalu kental dan meninggalkan sensasi gatal di kerongkongan.,0,Negatif,0,Negatif,-0.9972414973748988
Lantai di dekat area bar sangat licin karena tumpahan air yang tidak segera dibersihkan.,0,Negatif,0,Negatif,-2.2587481949077386
"Kasir salah menghitung total harga, saat dikoreksi mereka tidak meminta maaf sama sekali.",0,Negatif,0,Negatif,-2.5439977612679745
"Rasa stroberi dalam campuran menu matcha-nya sangat asam, seperti buah yang sudah hampir busuk.",0,Negatif,0,Negatif,-2.16473788516954
Privasi pelanggan sangat terganggu karena area duduknya tepat di pinggir jalur lalu lalang orang mal.,0,Negatif,0,Negatif,-2.70531800702148
"Saya menemukan potongan plastik kecil di dalam lapisan es krim, standar QC mereka sangat buruk.",0,Negatif,0,Negatif,-2.1285450040918086
"Houjicha milk-nya terasa sangat cair, seperti air bilasan teh tanpa ada rasa gurih susunya.",0,Negatif,0,Negatif,-1.3196406793105528
"Kursi sofa di pojok ruangan sudah kempis dan jebol, sangat tidak layak untuk diduduki.",0,Negatif,0,Negatif,-1.5250226146566348
Staf tidak memberikan struk fisik jika tidak diminta berkali-kali oleh pelanggan.,0,Negatif,0,Negatif,-3.8702118561579595
"Takaran gula 30% ternyata masih sangat manis di lidah saya, standarnya tidak konsisten.",0,Negatif,0,Negatif,-0.9175064008682711
"Wadah kotak untuk membawa pulang kue terlalu kecil, sehingga bentuk kuenya hancur tertekan tutup.",0,Negatif,0,Negatif,-1.3060969702235241
"Pramusajinya bekerja sangat lambat seperti tidak niat, padahal antrean pelanggan sudah memanjang.",0,Negatif,0,Negatif,-3.4559658679952796
Pilihan musiknya sangat tidak sesuai dengan tema kedai teh Jepang yang seharusnya menenangkan.,0,Negatif,0,Negatif,-0.5627611192458857
"Rasa matcha tiramisu-nya terlalu berminyak di lidah, meninggalkan rasa enek yang berkepanjangan.",0,Negatif,0,Negatif,-0.22457666028724257
"Tidak ada nomor meja, sehingga pelayan sering kebingungan mencari pelanggan saat mengantar pesanan.",0,Negatif,0,Negatif,-2.9232136078286093
"Lokasi gerai berdekatan dengan toilet mal, sehingga terkadang tercium aroma yang tidak sedap.",0,Negatif,0,Negatif,-2.7604264579036135
Sangat tidak disarankan untuk berkunjung ke sini jika Anda menghargai waktu dan uang Anda.,0,Negatif,0,Negatif,-0.5208568906266493
"Pahitnya matcha di sini bukan pahit teh yang enak, melainkan pahit yang aneh di tenggorokan.",0,Negatif,0,Negatif,-0.3765866215488837
"Matcha-nya terasa sangat fishy (amis) seperti rumput laut yang sudah lama, bukan aroma umami yang segar.",0,Negatif,0,Negatif,-1.4737769421041071
"Pelayanannya benar-benar kacau, staf di area bar terlihat kebingungan membedakan pesanan pelanggan.",0,Negatif,0,Negatif,-2.498174998412672
Harganya sangat mahal untuk ukuran cup yang isinya lebih banyak ruang kosong daripada minumannya.,0,Negatif,0,Negatif,-1.861043371537043
Meja di sudut ruangan sangat berdebu dan sepertinya jarang sekali dilap oleh staf.,0,Negatif,0,Negatif,-2.266739947711271
"Tekstur matcha latte-nya menggumpal, banyak serbuk yang tidak larut sempurna di bagian bawah.",0,Negatif,0,Negatif,-1.177581321279019
"Kasir tidak paham soal promo bank, padahal di depan dipasang spanduk besar-besaran.",0,Negatif,0,Negatif,-3.479827160937134
"Mochi-nya terasa sangat asam, seperti sudah melewati batas masa simpan yang seharusnya.",0,Negatif,0,Negatif,-1.6585089786733547
"Area gerai terlalu sempit, suara blender dari dapur sangat bising dan mengganggu kenyamanan.",0,Negatif,0,Negatif,-1.8663275170101954
Rugi banget beli di sini.,0,Negatif,0,Negatif,-0.9628485749443013
"Antrean ojek online menumpuk di meja kasir, membuat pelanggan yang mau makan di tempat jadi merasa terabaikan.",0,Negatif,0,Negatif,-2.2098432009264557
"Ada serangga kecil di dekat area topping, standar kebersihannya sangat meragukan untuk kafe mahal.",0,Negatif,0,Negatif,-2.0019360630553713
Staf bar-nya bekerja tanpa masker dan terus-menerus mengobrol di atas minuman yang sedang disiapkan.,0,Negatif,0,Negatif,-2.0877907654029517
"Houjicha-nya terlalu encer, tidak ada rasa smoky sama sekali, cuma kayak air gula warna cokelat.",0,Negatif,0,Negatif,-2.0133702408425607
"Kursinya sangat tidak ergonomis, baru sebentar duduk punggung sudah mulai terasa sakit.",0,Negatif,0,Negatif,-2.48155429784268
Gelas plastik yang digunakan sangat tipis sampai-sampai sulit dipegang tanpa takut tumpah.,0,Negatif,0,Negatif,-2.379723016839703
"Matcha soft serve-nya terlalu manis, rasa teh hijaunya tertutup total oleh rasa gula dan krim.",0,Negatif,1,Positif,0.27288113692689275
Mahal tapi kualitasnya sangat mengecewakan.,0,Negatif,0,Negatif,-1.766936500072322
"Lantai di area gerai lengket sekali, sepatu saya sampai berbunyi setiap kali melangkah.",0,Negatif,0,Negatif,-2.934791532409236
"Staf lupa memberikan sedotan dan sendok untuk pesanan bawa pulang, padahal sudah saya ingatkan.",0,Negatif,0,Negatif,-2.28138386581631
"Ukuran gelasnya mengecil drastis dibanding bulan lalu, tapi harganya justru naik signifikan.",0,Negatif,0,Negatif,-2.6492660817081117
"Sirkulasi udara sangat buruk, aroma dapur yang menyengat menempel di baju setelah keluar dari gerai.",0,Negatif,0,Negatif,-2.692210653481685
"Menu favorit sering kali tidak tersedia meski baru jam satu siang, manajemen stoknya buruk.",0,Negatif,0,Negatif,-1.789960609861219
Kue matcha yang saya beli terasa sangat bantat dan aromanya mirip seperti telur mentah.,0,Negatif,0,Negatif,-1.0150098407787742
"Sistem pembayarannya sering kali hanya bisa Qris, sangat merepotkan kalau sedang ada gangguan jaringan.",0,Negatif,0,Negatif,-2.2685830864758207
Bau parfum ruangan di gerai ini terlalu menyengat hingga mengalahkan aroma teh yang sedang dinikmati.,0,Negatif,0,Negatif,-2.987272575475479
Sangat lambat penyajiannya.,0,Negatif,0,Negatif,-1.351142935379052
"Gumpalan bubuk matcha masih tersisa banyak di sedotan, sangat tidak nyaman saat ditelan.",0,Negatif,0,Negatif,-1.1520713040199912
"Tidak ada stopkontak sama sekali di area pelanggan, sangat tidak mendukung untuk pengunjung yang sedang butuh daya.",0,Negatif,0,Negatif,-2.529510369993931
"Rasa susunya terasa seperti susu kental manis murah, bukan susu segar premium yang dijanjikan.",0,Negatif,0,Negatif,-0.300265640538158
"Kebersihan area topping sangat buruk, sendok pengambilnya tercampur-campur antar rasa.",0,Negatif,0,Negatif,-2.5336375314001147
"Taiyaki-nya sangat keras di bagian pinggir, sepertinya dipanaskan berulang kali di microwave.",0,Negatif,0,Negatif,-2.3005197821417096
"Porsi jelly matcha-nya hanya dua potong kecil, padahal harga tambahannya cukup mahal.",0,Negatif,0,Negatif,-1.810393531692607
"Lokasi pengambilan pesanan sangat dekat dengan pintu masuk, bikin alur keluar masuk jadi macet.",0,Negatif,0,Negatif,-2.794879281788501
Harga air putih di sini lebih mahal daripada harga es krim di tempat lain.,0,Negatif,0,Negatif,-2.159340172815236
"Minumannya beraroma logam, sepertinya dari alat pengocok yang tidak dirawat dengan baik.",0,Negatif,0,Negatif,-2.0245776969389015
"Pelayanannya sangat tidak ramah, staf menjawab pertanyaan saya dengan ketus dan wajah masam.",0,Negatif,0,Negatif,-0.6622402515158422
Ruangan sangat gerah karena kapasitas pendingin ruangan tidak sebanding dengan luas gerai.,0,Negatif,0,Negatif,-1.3820368187225645
"Rasa cokelatnya jauh lebih kuat daripada matcha-nya, tidak sesuai dengan nama menu yang dipesan.",0,Negatif,0,Negatif,-1.743545189653263
"Pegawainya tidak tahu perbedaan jenis matcha yang mereka jual, sangat minim edukasi produk.",0,Negatif,0,Negatif,-0.9378230218909775
"Meja goyang terus, sangat berisiko membuat minuman tumpah saat sedang asyik mengobrol.",0,Negatif,0,Negatif,-2.6004465667775873
"Es krimnya terasa kasar dan ada butiran esnya, tidak lembut sama sekali seperti soft serve pada umumnya.",0,Negatif,0,Negatif,-0.5176446668368676
"Harganya tidak transparan, banyak biaya tambahan yang baru muncul saat sudah berada di depan kasir.",0,Negatif,0,Negatif,-2.741520159147181
"Tempatnya terlalu remang-remang, sampai susah membedakan warna minuman yang dipesan.",0,Negatif,0,Negatif,-1.3183827590406827
Wadah plastik minumannya sering kali bocor di bagian tutupnya saat dibawa berjalan.,0,Negatif,0,Negatif,-2.5465164384425987
"Dango-nya terlalu kenyal sampai susah ditelan, teksturnya mirip seperti karet.",0,Negatif,0,Negatif,-1.165422316862529
"Gelas ada bekas noda minyak, sepertinya tidak dicuci dengan benar menggunakan sabun.",0,Negatif,0,Negatif,-2.3882146886604327
"Promo yang dipajang di depan ternyata sudah kedaluwarsa, tapi staf tetap tidak mau melepasnya.",0,Negatif,0,Negatif,-2.781819283280146
Staf keamanan terlalu protektif dan melarang pelanggan mengambil foto meski di area publik gerai.,0,Negatif,0,Negatif,-1.6206939117794716
"Rasa lemonnya terasa pahit sekali, seperti ikut terperas bagian bijinya ke dalam teh.",0,Negatif,0,Negatif,-1.7219377131708842
"Jam operasional tidak konsisten, sering tutup lebih awal dari jadwal yang tertera di aplikasi.",0,Negatif,0,Negatif,-3.261908028014696
"Granola pada parfait sudah tidak crunchy, terasa seperti barang sisa yang sudah lama terbuka.",0,Negatif,0,Negatif,-2.0351675951630583
"Bumbu matcha pada makanannya sangat sedikit, rasa tepungnya lebih mendominasi.",0,Negatif,0,Negatif,-0.10319183758358053
Lokasi gerai berdekatan dengan area pipa air mal yang sering berbau tidak sedap.,0,Negatif,0,Negatif,-2.725578013861248
Penjelasan soal asal usul tehnya terdengar sangat mengada-ada dan tidak akurat secara informasi.,0,Negatif,0,Negatif,-0.9770231785776246
"Adonan kue ikannya sangat hambar, tidak ada rasa mentega sama sekali.",0,Negatif,0,Negatif,-1.3158968936890496
"Gelas disajikan dengan sidik jari staf di area bibir gelas, sangat tidak higienis.",0,Negatif,0,Negatif,-2.005194076367935
"Antrean tidak teratur, orang yang tidak mengantre malah dilayani duluan oleh kasir.",0,Negatif,0,Negatif,-4.13311815069312
Matcha-nya terasa seperti menggunakan pewarna hijau buatan karena warnanya sangat tidak alami.,0,Negatif,0,Negatif,-1.5504025215824728
"Tidak ada wastafel untuk cuci tangan, repot kalau tangan kena sirup yang lengket.",0,Negatif,0,Negatif,-2.973634545524136
"Sendok pesanan saya jatuh, hanya diusap pakai tangan lalu diberikan kembali ke saya.",0,Negatif,0,Negatif,-4.01343356459215
Harga es krim cone naik setiap bulan tanpa ada peningkatan kualitas rasa sama sekali.,0,Negatif,0,Negatif,-1.1149978526833548
Area tunggu sangat panas dan tidak disediakan kursi tunggu yang memadai.,0,Negatif,0,Negatif,-2.3952229890226624
"Minumannya tidak diaduk rata, semua gula mengendap di bawah sementara bagian atasnya tawar.",0,Negatif,0,Negatif,-1.4158679134921899
Staf mendengus kesal saat saya meminta sedotan tambahan untuk pesanan saya.,0,Negatif,0,Negatif,-2.6573783773223423
Croissant matcha-nya sangat keras seperti sudah dipajang lebih dari dua hari.,0,Negatif,0,Negatif,-1.8431839723010763
"Tutup gelas tidak pas, tumpah banyak ke baju saya saat pertama kali disedot.",0,Negatif,0,Negatif,-2.4754010056570106
"Pencahayaannya sangat buruk, mau ambil foto makanan jadi kelihatan kusam dan tidak menarik.",0,Negatif,0,Negatif,-1.2994302097312933
Pengalaman terburuk minum matcha.,0,Negatif,1,Positif,0.5060871336680746
"Saya pesan matcha latte, tapi dikasih es batu yang penuh sampai ke atas, isinya cuma tiga sesapan.",0,Negatif,0,Negatif,-1.0049642246092425
"Interior gerai terlihat kumuh, banyak kursi yang kulitnya sudah mulai mengelupas.",0,Negatif,0,Negatif,-2.9450041983212385
"Staf dapur teriak-teriak memanggil pesanan, suasananya jadi riuh seperti di stasiun.",0,Negatif,0,Negatif,-2.4575835462885576
"Tidak ada pilihan tingkat kemanisan (sugar level), sangat menyulitkan bagi yang diet.",0,Negatif,1,Positif,0.09109866737458328
Menu musiman harganya tidak masuk akal tapi rasanya jauh di bawah standar menu reguler.,0,Negatif,0,Negatif,-1.4468716816474019
Proses pembuatan satu gelas minuman memakan waktu lebih dari 20 menit saat gerai sepi.,0,Negatif,0,Negatif,-1.9153812963595924
"Latte-nya tidak ada busa sama sekali, tampak datar dan tidak profesional penyajiannya.",0,Negatif,0,Negatif,-1.322602386850963
Pelayan memaksa saya membeli air mineral botolan saat saya minta air putih sedikit.,0,Negatif,0,Negatif,-4.180661786382468
Porsi es krim saya jauh lebih sedikit dibanding porsi pelanggan yang ada di depan saya.,0,Negatif,0,Negatif,-1.995985237094747
"Ruangan terlalu pengap, ventilasi udaranya sepertinya tidak berfungsi dengan baik.",0,Negatif,0,Negatif,-1.3516423292675364
Penjelasan staf soal menu sangat menyesatkan dan bikin salah pesan.,0,Negatif,0,Negatif,-0.8939382372826127
"Bau pewangi ruangan terlalu kuat, merusak cita rasa teh yang sedang diminum.",0,Negatif,0,Negatif,-2.0105080001471616
Harganya benar-benar merampok dompet.,0,Negatif,0,Negatif,-1.194785557587887
"Tidak ada garis antrean yang jelas, pelanggan daring dan luring berdesakan di depan meja kasir.",0,Negatif,0,Negatif,-3.120548399906102
Saya diminta bayar biaya plastik padahal sudah habis banyak untuk beli makanannya.,0,Negatif,0,Negatif,-2.6841095847836316
Saus matcha-nya meninggalkan rasa sepat yang tidak hilang-hilang di tenggorokan.,0,Negatif,0,Negatif,-2.3670204534415933
Lantai gerai licin karena ada tumpahan es krim yang tidak segera dibersihkan staf.,0,Negatif,0,Negatif,-2.778221239372127
"Kasir salah hitung kembalian, saat dikomplain malah menunjukkan wajah tidak senang.",0,Negatif,0,Negatif,-2.5069469387449397
"Rasa stroberinya sangat asam dan tidak segar, sepertinya pakai buah kualitas rendah.",0,Negatif,0,Negatif,-1.6921297427198732
Privasi sangat terganggu karena area duduknya terbuka lebar menghadap ke arah pejalan kaki mal.,0,Negatif,0,Negatif,-3.0556562144307553
"Saya menemukan serabut kain di dalam es krim saya, sangat menjijikkan.",0,Negatif,0,Negatif,-0.9099741033568657
"Houjicha milk-nya terasa sangat cair, kayak teh sisa yang ditambah banyak air.",0,Negatif,0,Negatif,-1.5138733845975356
"Kursi sofa di pojokan sudah mulai jebol, tidak nyaman untuk diduduki lama-lama.",0,Negatif,0,Negatif,-1.6744615607577011
"Tidak diberikan struk kecuali jika diminta, sistemnya tidak transparan.",0,Negatif,0,Negatif,-3.539252573349131
"Takaran gula 25% masih terasa sangat manis, standar mereka sepertinya tidak konsisten.",0,Negatif,0,Negatif,-1.4188099959071112
"Wadah bawa pulang tidak muat untuk kuenya, jadi hancur pas sampai di rumah.",0,Negatif,0,Negatif,-1.4960203519098443
Pramusajinya bekerja sangat lambat seperti orang yang sedang tidak ingin bekerja.,0,Negatif,0,Negatif,-2.6596361205936607
"Musik yang diputar volumenya sangat kencang, tidak cocok dengan tema kedai teh yang tenang.",0,Negatif,0,Negatif,-1.5033615380946415
"Rasa matcha-nya berminyak sekali, meninggalkan lapisan lemak yang aneh di langit-langit mulut.",0,Negatif,0,Negatif,-1.3543536117842647
"Tidak ada nomor antrean yang jelas, panggilnya pakai nama tapi sering kali salah dengar.",0,Negatif,0,Negatif,-2.788832557414831
"Area gerai berdekatan dengan area servis mal, terkadang tercium aroma saluran air.",0,Negatif,0,Negatif,-2.7313101654372787
"Sangat tidak disarankan, rugi waktu dan uang kalau ke sini.",0,Negatif,0,Negatif,-1.3225878161619844
"Rasa bubuk matcha-nya masih terasa kasar, tidak disaring dengan benar sebelum disajikan.",0,Negatif,0,Negatif,-1.593564114745063
"Gelas disajikan dalam keadaan basah berminyak di bagian luar, sangat tidak nyaman dipegang.",0,Negatif,0,Negatif,-1.2820223045375019
"Staf menolak mengganti pesanan saya yang salah, padahal itu kesalahan mereka saat mencatat.",0,Negatif,0,Negatif,-3.425519820739076
"Porsi topping kacang merahnya hanya sesendok kecil, sangat pelit untuk harga tambahan.",0,Negatif,0,Negatif,-1.6636008502403072
Es krimnya sudah meleleh sebelum sempat saya nikmati karena staf terlalu lama memanggil nama saya.,0,Negatif,0,Negatif,-1.3992820763925529
"Harga menu paketnya ternyata lebih mahal dibanding jika beli satuan, sistemnya membingungkan.",0,Negatif,0,Negatif,-2.127342801008875
Ruangan sangat bising oleh suara mesin pendingin yang sepertinya sudah mulai rusak.,0,Negatif,0,Negatif,-3.087989115873136
"Rasa pahitnya bukan pahit teh alami, tapi pahit tajam yang merusak rasa susu.",0,Negatif,0,Negatif,-0.807514370673151
"Tidak disediakan tisu di meja, harus jalan jauh ke meja kasir untuk mengambilnya sendiri.",0,Negatif,0,Negatif,-2.784601600502578
"Staf merapikan rambut di depan area persiapan makanan, sangat tidak higienis.",0,Negatif,0,Negatif,-2.732028552263917
Adonan mochi-nya sangat lengket sampai tidak bisa dilepaskan dari wadahnya dengan mudah.,0,Negatif,0,Negatif,-2.0814472864377582
"Harga topping emasnya sangat mahal, tapi tidak memberikan efek rasa apa-apa, cuma buat foto.",0,Negatif,0,Negatif,-1.8044738776609661
"Tempatnya kotor, banyak bekas gelas pelanggan sebelumnya yang tidak segera diangkat.",0,Negatif,0,Negatif,-3.0918610650372753
"Pelayanan sangat diskriminatif, pelanggan yang pakai mobil mewah didahulukan daripada yang lain.",0,Negatif,0,Negatif,-1.7573128185121396
"Matcha latte saya rasanya hambar, sepertinya staf lupa memasukkan takaran teh yang pas.",0,Negatif,0,Negatif,-0.8663565910927581
"Gelas ada retakan di bagian pinggir, sangat berbahaya kalau tidak hati-hati saat minum.",0,Negatif,0,Negatif,-2.2928161496999415
Promo diskon di aplikasi tidak bisa dipakai di gerai ini dengan alasan yang tidak jelas.,0,Negatif,0,Negatif,-2.632844686241605
"Staf bar tidak pakai penutup rambut, ada rambut yang hampir jatuh ke dalam blender.",0,Negatif,0,Negatif,-3.0007371634202884
"Campuran matcha lemonade-nya terlalu pahit, kulit lemonnya sepertinya ikut diparut masuk.",0,Negatif,0,Negatif,-1.0134497087856027
"Jam operasional tidak sinkron dengan di Google Maps, saya datang jauh-jauh ternyata sudah tutup.",0,Negatif,0,Negatif,-2.855850646220334
"Granolanya sudah apek, sepertinya stok lama yang dipaksakan untuk tetap dijual.",0,Negatif,0,Negatif,-2.052942182449156
"Saus mentainya tidak berasa, cuma kayak mayones biasa yang dikasih pewarna.",0,Negatif,0,Negatif,-2.656159680913586
"Lokasi gerai di area mal yang sangat panas, AC mal-nya tidak sampai ke titik gerai ini.",0,Negatif,0,Negatif,-2.9075385381409533
Penjelasan soal jenis ceremonial grade mereka terasa sangat berlebihan dan tidak terbukti di rasa.,0,Negatif,0,Negatif,-0.6606562605065075
"Adonan kue ikannya lembek sekali, kayak belum matang sempurna di bagian dalam.",0,Negatif,0,Negatif,-1.6901143551824878
"Gelas ada noda teh yang sudah mengering di bagian luarnya, tidak bersih pencuciannya.",0,Negatif,0,Negatif,-2.0614047589740547
"Antrean tidak pakai pembatas, orang bisa menyerobot dari samping tanpa ditegur staf.",0,Negatif,0,Negatif,-3.1882252257251147
"Rasa matcha-nya seperti rasa melon sintetik, sangat tidak otentik untuk kedai teh Jepang.",0,Negatif,0,Negatif,-1.0268178053476467
"Tidak ada toilet di area dekat gerai, harus jalan jauh ke ujung mal kalau tangan kena tumpahan lengket.",0,Negatif,0,Negatif,-3.700315617145018
Staf memberikan sendok bekas yang hanya dilap pakai tisu dari meja sebelah.,0,Negatif,0,Negatif,-2.9118665472912784
"Harga es krim cone naik terus tiap kali saya datang, padahal porsinya makin sedikit.",0,Negatif,0,Negatif,-1.8618448431005161
"Area tunggu sesak dan pengap, banyak orang berdiri menutupi jalur pesanan pelanggan lain.",0,Negatif,0,Negatif,-2.4090130940478645
